Project Name,Package Name,Type Name,Code Smell
elasticsearch-hadoop,org.elasticsearch.hadoop.gradle.buildtools,ConcatFilesTask,Unutilized Abstraction
elasticsearch-hadoop,org.elasticsearch.hadoop.gradle.buildtools,DependenciesInfoPlugin,Unutilized Abstraction
elasticsearch-hadoop,org.elasticsearch.hadoop.gradle.buildtools,Fixture,Unutilized Abstraction
elasticsearch-hadoop,org.elasticsearch.hadoop.gradle.buildtools,LazyFileOutputStream,Unutilized Abstraction
elasticsearch-hadoop,org.elasticsearch.hadoop.gradle.buildtools,LicenseInfo,Unutilized Abstraction
elasticsearch-hadoop,org.elasticsearch.hadoop.gradle.buildtools,LicenseMatcher,Unutilized Abstraction
elasticsearch-hadoop,org.elasticsearch.hadoop.gradle.buildtools,UpdateShasTask,Unutilized Abstraction
elasticsearch-hadoop,org.elasticsearch.hadoop.gradle.buildtools,Util,Cyclic-Dependent Modularization
elasticsearch-hadoop,org.elasticsearch.hadoop.gradle.buildtools.info,BuildParams,Cyclic-Dependent Modularization
elasticsearch-hadoop,org.elasticsearch.hadoop.gradle.buildtools.info,BuildParams,Insufficient Modularization
elasticsearch-hadoop,org.elasticsearch.hadoop.gradle.buildtools.info,MutableBuildParams,Cyclic-Dependent Modularization
elasticsearch-hadoop,org.elasticsearch.hadoop.gradle.buildtools.info,GlobalBuildInfoPlugin,Cyclic-Dependent Modularization
elasticsearch-hadoop,org.elasticsearch.hadoop.gradle.scala,SparkVariantPlugin,Insufficient Modularization
elasticsearch-hadoop,org.elasticsearch.hadoop.gradle.util,WrappedConfigureAction,Unutilized Abstraction
elasticsearch-hadoop,org.elasticsearch.hadoop.gradle.util,TrustAllManager,Unutilized Abstraction
elasticsearch-hadoop,org.elasticsearch.hadoop.gradle.util,TrustAllVerifier,Unutilized Abstraction
elasticsearch-hadoop,org.elasticsearch.hadoop.integration.hive,AbstractHiveExtraTests,Unutilized Abstraction
elasticsearch-hadoop,org.elasticsearch.hadoop.integration.hive,AbstractHiveReadJsonTest,Deficient Encapsulation
elasticsearch-hadoop,org.elasticsearch.hadoop.integration.hive,AbstractHiveSaveJsonTest,Unutilized Abstraction
elasticsearch-hadoop,org.elasticsearch.hadoop.integration.hive,AbstractHiveSaveTest,Unutilized Abstraction
elasticsearch-hadoop,org.elasticsearch.hadoop.integration.hive,AbstractHiveSaveTest,Insufficient Modularization
elasticsearch-hadoop,org.elasticsearch.hadoop.integration.hive,AbstractHiveSearchJsonTest,Deficient Encapsulation
elasticsearch-hadoop,org.elasticsearch.hadoop.integration.hive,AbstractHiveSearchTest,Deficient Encapsulation
elasticsearch-hadoop,org.elasticsearch.hadoop.integration.hive,AbstractHiveSearchTest,Insufficient Modularization
elasticsearch-hadoop,org.elasticsearch.hadoop.integration.hive,InterceptingThreadLocal,Unutilized Abstraction
elasticsearch-hadoop,org.elasticsearch.hadoop.integration.hive,HiveJdbc,Unutilized Abstraction
elasticsearch-hadoop,org.elasticsearch.hadoop.integration.hive,HiveSuite,Deficient Encapsulation
elasticsearch-hadoop,org.elasticsearch.hadoop.hive,EsHiveInputFormat,Unutilized Abstraction
elasticsearch-hadoop,org.elasticsearch.hadoop.hive,EsHiveSplit,Unutilized Abstraction
elasticsearch-hadoop,org.elasticsearch.hadoop.hive,EsHiveOutputFormat,Unutilized Abstraction
elasticsearch-hadoop,org.elasticsearch.hadoop.hive,EsHiveRecordWriter,Unutilized Abstraction
elasticsearch-hadoop,org.elasticsearch.hadoop.hive,EsStorageHandler,Unutilized Abstraction
elasticsearch-hadoop,org.elasticsearch.hadoop.hive,Comparator,Unutilized Abstraction
elasticsearch-hadoop,org.elasticsearch.hadoop.hive,HiveConstants,Broken Modularization
elasticsearch-hadoop,org.elasticsearch.hadoop.hive,HiveFieldExtractor,Cyclic-Dependent Modularization
elasticsearch-hadoop,org.elasticsearch.hadoop.hive,HiveUtils,Cyclic-Dependent Modularization
elasticsearch-hadoop,org.elasticsearch.hadoop.hive,FieldAliasTest,Unutilized Abstraction
elasticsearch-hadoop,org.elasticsearch.hadoop.hive,HiveValueReaderTest,Unutilized Abstraction
elasticsearch-hadoop,org.elasticsearch.hadoop.serialization.handler.write.impl,HiveSerializationEventConverterTest,Unutilized Abstraction
elasticsearch-hadoop,org.elasticsearch.hadoop.serialization.handler.write.impl,DelegatingErrorHandler,Unutilized Abstraction
elasticsearch-hadoop,org.elasticsearch.hadoop.serialization.handler.write.impl,SerializationHandlerLoader,Deficient Encapsulation
elasticsearch-hadoop,org.elasticsearch.hadoop.serialization.handler.write.impl,SerializationHandlerLoader,Cyclic-Dependent Modularization
elasticsearch-hadoop,org.elasticsearch.hadoop.serialization.handler.write.impl,SerializationLogRenderer,Unutilized Abstraction
elasticsearch-hadoop,org.elasticsearch.hadoop.serialization.handler.write.impl,SerializationEventConverterTest,Unutilized Abstraction
elasticsearch-hadoop,org.elasticsearch.hadoop.serialization,HiveFieldExtractorTests,Unutilized Abstraction
elasticsearch-hadoop,org.elasticsearch.hadoop.serialization,HiveTypeToJsonTest,Unutilized Abstraction
elasticsearch-hadoop,org.elasticsearch.hadoop.serialization,HiveTypeToJsonTest,Insufficient Modularization
elasticsearch-hadoop,org.elasticsearch.hadoop.serialization,EsHadoopSerializationException,Unutilized Abstraction
elasticsearch-hadoop,org.elasticsearch.hadoop.serialization,Parser,Insufficient Modularization
elasticsearch-hadoop,org.elasticsearch.hadoop.serialization,ParsingUtils,Deficient Encapsulation
elasticsearch-hadoop,org.elasticsearch.hadoop.serialization,ScrollReader,Cyclic-Dependent Modularization
elasticsearch-hadoop,org.elasticsearch.hadoop.serialization,ScrollReader,Insufficient Modularization
elasticsearch-hadoop,org.elasticsearch.hadoop.serialization,ScrollReaderConfigBuilder,Cyclic-Dependent Modularization
elasticsearch-hadoop,org.elasticsearch.hadoop.serialization,ScrollReaderConfigBuilder,Insufficient Modularization
elasticsearch-hadoop,org.elasticsearch.hadoop.serialization,SettingsAware,Unutilized Abstraction
elasticsearch-hadoop,org.elasticsearch.hadoop.serialization,CommandTest,Unutilized Abstraction
elasticsearch-hadoop,org.elasticsearch.hadoop.serialization,CommandTest,Insufficient Modularization
elasticsearch-hadoop,org.elasticsearch.hadoop.serialization,FieldExtractorTests,Unutilized Abstraction
elasticsearch-hadoop,org.elasticsearch.hadoop.serialization,JdkTypeToJsonTest,Unutilized Abstraction
elasticsearch-hadoop,org.elasticsearch.hadoop.serialization,JdkTypeToJsonTest,Insufficient Modularization
elasticsearch-hadoop,org.elasticsearch.hadoop.serialization,Ratio,Unutilized Abstraction
elasticsearch-hadoop,org.elasticsearch.hadoop.serialization,JdkValueReaderTest,Unnecessary Abstraction
elasticsearch-hadoop,org.elasticsearch.hadoop.serialization,JdkValueReaderTest,Unutilized Abstraction
elasticsearch-hadoop,org.elasticsearch.hadoop.serialization,JsonIdTest,Unutilized Abstraction
elasticsearch-hadoop,org.elasticsearch.hadoop.serialization,JsonPathTest,Unutilized Abstraction
elasticsearch-hadoop,org.elasticsearch.hadoop.serialization,JsonValuePathTest,Unutilized Abstraction
elasticsearch-hadoop,org.elasticsearch.hadoop.serialization,ScrollReaderJsonTest,Unutilized Abstraction
elasticsearch-hadoop,org.elasticsearch.hadoop.serialization,ScrollReaderTest,Unutilized Abstraction
elasticsearch-hadoop,org.elasticsearch.hadoop.serialization,ScrollReaderTest,Insufficient Modularization
elasticsearch-hadoop,org.elasticsearch.hadoop.serialization,ValueReaderTest,Unutilized Abstraction
elasticsearch-hadoop,org.elasticsearch.hadoop.serialization,WritableTypeToJsonTest,Unutilized Abstraction
elasticsearch-hadoop,org.elasticsearch.hadoop.serialization,WritableTypeToJsonTest,Insufficient Modularization
elasticsearch-hadoop,org.elasticsearch.hadoop.serialization,WritableValueReaderTest,Unutilized Abstraction
elasticsearch-hadoop,org.elasticsearch.hadoop.serialization,AbstractValueReaderTest,Deficient Encapsulation
elasticsearch-hadoop,org.elasticsearch.hadoop.serialization,AbstractValueReaderTest,Insufficient Modularization
elasticsearch-hadoop,org.elasticsearch.hadoop.serialization,BaseValueReaderTest,Unutilized Abstraction
elasticsearch-hadoop,org.elasticsearch.hadoop.integration.mr,AbstractExtraMRTests,Unutilized Abstraction
elasticsearch-hadoop,org.elasticsearch.hadoop.integration.mr,AbstractMRNewApiSaveTest,Unutilized Abstraction
elasticsearch-hadoop,org.elasticsearch.hadoop.integration.mr,AbstractMRNewApiSaveTest,Insufficient Modularization
elasticsearch-hadoop,org.elasticsearch.hadoop.integration.mr,TabMapper,Unutilized Abstraction
elasticsearch-hadoop,org.elasticsearch.hadoop.integration.mr,AbstractMRNewApiSearchTest,Unutilized Abstraction
elasticsearch-hadoop,org.elasticsearch.hadoop.integration.mr,AbstractMRNewApiSearchTest,Deficient Encapsulation
elasticsearch-hadoop,org.elasticsearch.hadoop.integration.mr,AbstractMROldApiSaveTest,Unutilized Abstraction
elasticsearch-hadoop,org.elasticsearch.hadoop.integration.mr,AbstractMROldApiSaveTest,Insufficient Modularization
elasticsearch-hadoop,org.elasticsearch.hadoop.integration.mr,TabMapper,Unutilized Abstraction
elasticsearch-hadoop,org.elasticsearch.hadoop.integration.mr,AbstractMROldApiSearchTest,Unutilized Abstraction
elasticsearch-hadoop,org.elasticsearch.hadoop.integration.mr,AbstractMROldApiSearchTest,Deficient Encapsulation
elasticsearch-hadoop,org.elasticsearch.hadoop.integration.mr,MRSuite,Deficient Encapsulation
elasticsearch-hadoop,org.elasticsearch.hadoop.integration.rest,AbstractRestQueryTest,Unutilized Abstraction
elasticsearch-hadoop,org.elasticsearch.hadoop.integration.rest,AbstractRestSaveTest,Unutilized Abstraction
elasticsearch-hadoop,org.elasticsearch.hadoop.integration.rest,RestSuite,Unnecessary Abstraction
elasticsearch-hadoop,org.elasticsearch.hadoop.integration.rest,RestSuite,Unutilized Abstraction
elasticsearch-hadoop,org.elasticsearch.hadoop.integration.rest,RestSuite,Deficient Encapsulation
elasticsearch-hadoop,org.elasticsearch.hadoop.integration.rest.ssl,SSLTests,Unutilized Abstraction
elasticsearch-hadoop,org.elasticsearch.hadoop.integration.rest.ssl,SSLTests,Deficient Encapsulation
elasticsearch-hadoop,org.elasticsearch.hadoop,ProvisionerTest,Unutilized Abstraction
elasticsearch-hadoop,org.elasticsearch.hadoop,VersionTest,Unutilized Abstraction
elasticsearch-hadoop,org.elasticsearch.hadoop,VersionTest,Deficient Encapsulation
elasticsearch-hadoop,org.elasticsearch.hadoop,EsHadoopIllegalArgumentException,Broken Hierarchy
elasticsearch-hadoop,org.elasticsearch.hadoop,EsHadoopIllegalStateException,Unutilized Abstraction
elasticsearch-hadoop,org.elasticsearch.hadoop,EsHadoopIllegalStateException,Broken Hierarchy
elasticsearch-hadoop,org.elasticsearch.hadoop,EsHadoopUnsupportedOperationException,Unutilized Abstraction
elasticsearch-hadoop,org.elasticsearch.hadoop,EsHadoopUnsupportedOperationException,Broken Hierarchy
elasticsearch-hadoop,org.elasticsearch.hadoop,HdpBootstrap,Cyclic-Dependent Modularization
elasticsearch-hadoop,org.elasticsearch.hadoop,NullPrintStream,Unutilized Abstraction
elasticsearch-hadoop,org.elasticsearch.hadoop,NullOutputStream,Unutilized Abstraction
elasticsearch-hadoop,org.elasticsearch.hadoop,Provisioner,Deficient Encapsulation
elasticsearch-hadoop,org.elasticsearch.hadoop,QueryTestParams,Unutilized Abstraction
elasticsearch-hadoop,org.elasticsearch.hadoop,TestData,Deficient Encapsulation
elasticsearch-hadoop,org.elasticsearch.hadoop.rest.commonshttp.auth.spnego,AbstractHadoopUserKerberosTest,Unutilized Abstraction
elasticsearch-hadoop,org.elasticsearch.hadoop.rest.commonshttp.auth.spnego,AbstractSpnegoAuthSchemeTest,Unutilized Abstraction
elasticsearch-hadoop,org.elasticsearch.hadoop.rest.commonshttp.auth.spnego,TestScheme,Unutilized Abstraction
elasticsearch-hadoop,org.elasticsearch.hadoop.rest.commonshttp.auth.spnego,AbstractSpnegoNegotiatorTest,Insufficient Modularization
elasticsearch-hadoop,org.elasticsearch.hadoop.rest.commonshttp.auth.spnego,KerberosSuite,Deficient Encapsulation
elasticsearch-hadoop,org.elasticsearch.hadoop.rest.commonshttp.auth.spnego,SpnegoAuthScheme,Cyclic-Dependent Modularization
elasticsearch-hadoop,org.elasticsearch.hadoop.rest.pooling,AbstractTransportPoolTest,Unutilized Abstraction
elasticsearch-hadoop,org.elasticsearch.hadoop.rest.pooling,PoolingSuite,Unnecessary Abstraction
elasticsearch-hadoop,org.elasticsearch.hadoop.rest.pooling,PoolingSuite,Unutilized Abstraction
elasticsearch-hadoop,org.elasticsearch.hadoop.rest.pooling,PoolingSuite,Deficient Encapsulation
elasticsearch-hadoop,org.elasticsearch.hadoop.rest.pooling,PoolCleaner,Unutilized Abstraction
elasticsearch-hadoop,org.elasticsearch.hadoop.rest.pooling,TransportPool,Missing Hierarchy
elasticsearch-hadoop,org.elasticsearch.hadoop.rest.pooling,TransportPool,Cyclic-Dependent Modularization
elasticsearch-hadoop,org.elasticsearch.hadoop.rest.pooling,LeasedTransport,Cyclic-Dependent Modularization
elasticsearch-hadoop,org.elasticsearch.hadoop.rest.pooling,PooledCommonsHttpTransport,Unutilized Abstraction
elasticsearch-hadoop,org.elasticsearch.hadoop.cfg,ConfigurationOptions,Broken Modularization
elasticsearch-hadoop,org.elasticsearch.hadoop.cfg,FilteredSettings,Unutilized Abstraction
elasticsearch-hadoop,org.elasticsearch.hadoop.cfg,HadoopSettings,Unutilized Abstraction
elasticsearch-hadoop,org.elasticsearch.hadoop.cfg,HadoopSettingsManager,Unutilized Abstraction
elasticsearch-hadoop,org.elasticsearch.hadoop.cfg,InternalConfigurationOptions,Broken Modularization
elasticsearch-hadoop,org.elasticsearch.hadoop.cfg,Settings,Insufficient Modularization
elasticsearch-hadoop,org.elasticsearch.hadoop.cfg,SettingsManager,Unutilized Abstraction
elasticsearch-hadoop,org.elasticsearch.hadoop.cfg,SettingsView,Unutilized Abstraction
elasticsearch-hadoop,org.elasticsearch.hadoop.cfg,CompositeSettingsTest,Unutilized Abstraction
elasticsearch-hadoop,org.elasticsearch.hadoop.cfg,FilteredSettingsTest,Unutilized Abstraction
elasticsearch-hadoop,org.elasticsearch.hadoop.cfg,SettingsTest,Unutilized Abstraction
elasticsearch-hadoop,org.elasticsearch.hadoop.cfg,SettingsViewTest,Unutilized Abstraction
elasticsearch-hadoop,org.elasticsearch.hadoop.cli,ConsolePrompt,Unutilized Abstraction
elasticsearch-hadoop,org.elasticsearch.hadoop.cli,KeytoolTest,Insufficient Modularization
elasticsearch-hadoop,org.elasticsearch.hadoop.cli,KeytoolHarness,Broken Hierarchy
elasticsearch-hadoop,org.elasticsearch.hadoop.handler,EsHadoopAbortHandlerException,Unutilized Abstraction
elasticsearch-hadoop,org.elasticsearch.hadoop.handler,Exceptional,Unutilized Abstraction
elasticsearch-hadoop,org.elasticsearch.hadoop.handler.impl,BaseExceptional,Unutilized Abstraction
elasticsearch-hadoop,org.elasticsearch.hadoop.handler.impl,DropAndLog,Deficient Encapsulation
elasticsearch-hadoop,org.elasticsearch.hadoop.handler.impl,PreloadedHandlerLoader,Unutilized Abstraction
elasticsearch-hadoop,org.elasticsearch.hadoop.handler.impl.elasticsearch,BaseEventConverter,Unutilized Abstraction
elasticsearch-hadoop,org.elasticsearch.hadoop.handler.impl.elasticsearch,ElasticsearchHandler,Deficient Encapsulation
elasticsearch-hadoop,org.elasticsearch.hadoop.handler.impl.elasticsearch,ElasticsearchHandler,Cyclic-Dependent Modularization
elasticsearch-hadoop,org.elasticsearch.hadoop.mr.compat,CompatProxy,Unnecessary Abstraction
elasticsearch-hadoop,org.elasticsearch.hadoop.mr.compat,CompatProxy,Unutilized Abstraction
elasticsearch-hadoop,org.elasticsearch.hadoop.mr.compat,CounterGroup,Unnecessary Abstraction
elasticsearch-hadoop,org.elasticsearch.hadoop.mr.compat,CounterGroup,Unutilized Abstraction
elasticsearch-hadoop,org.elasticsearch.hadoop.mr.compat,MapContext,Unnecessary Abstraction
elasticsearch-hadoop,org.elasticsearch.hadoop.mr.compat,MapContext,Unutilized Abstraction
elasticsearch-hadoop,org.elasticsearch.hadoop.mr.compat,ReduceContext,Unnecessary Abstraction
elasticsearch-hadoop,org.elasticsearch.hadoop.mr.compat,ReduceContext,Unutilized Abstraction
elasticsearch-hadoop,org.elasticsearch.hadoop.mr.compat,ReflectiveInvoker,Unutilized Abstraction
elasticsearch-hadoop,org.elasticsearch.hadoop.mr,EsInputFormat,Insufficient Modularization
elasticsearch-hadoop,org.elasticsearch.hadoop.mr,EsInputRecordReader,Unutilized Abstraction
elasticsearch-hadoop,org.elasticsearch.hadoop.mr,AbstractWritableEsInputRecordReader,Unutilized Abstraction
elasticsearch-hadoop,org.elasticsearch.hadoop.mr,WritableEsInputRecordReader,Unutilized Abstraction
elasticsearch-hadoop,org.elasticsearch.hadoop.mr,WritableEsInputRecordReader,Broken Hierarchy
elasticsearch-hadoop,org.elasticsearch.hadoop.mr,JsonWritableEsInputRecordReader,Unutilized Abstraction
elasticsearch-hadoop,org.elasticsearch.hadoop.mr,JsonWritableEsInputRecordReader,Broken Hierarchy
elasticsearch-hadoop,org.elasticsearch.hadoop.mr,EsOutputFormat,Insufficient Modularization
elasticsearch-hadoop,org.elasticsearch.hadoop.mr,EsOutputCommitter,Unutilized Abstraction
elasticsearch-hadoop,org.elasticsearch.hadoop.mr,EsOldAPIOutputCommitter,Unutilized Abstraction
elasticsearch-hadoop,org.elasticsearch.hadoop.mr,EsRecordWriter,Unutilized Abstraction
elasticsearch-hadoop,org.elasticsearch.hadoop.mr,HadoopCfgUtils,Insufficient Modularization
elasticsearch-hadoop,org.elasticsearch.hadoop.mr,MultiOutputFormat,Deficient Encapsulation
elasticsearch-hadoop,org.elasticsearch.hadoop.mr,MultiOutputFormat,Insufficient Modularization
elasticsearch-hadoop,org.elasticsearch.hadoop.mr,MultiNewRecordWriter,Unutilized Abstraction
elasticsearch-hadoop,org.elasticsearch.hadoop.mr,MultiOldRecordWriter,Unutilized Abstraction
elasticsearch-hadoop,org.elasticsearch.hadoop.mr,MultiNewOutputCommitter,Unutilized Abstraction
elasticsearch-hadoop,org.elasticsearch.hadoop.mr,MultiOldOutputCommitter,Unutilized Abstraction
elasticsearch-hadoop,org.elasticsearch.hadoop.mr,LinkedMapWritableTest,Unutilized Abstraction
elasticsearch-hadoop,org.elasticsearch.hadoop.mr,WritableBytesConverterTests,Unutilized Abstraction
elasticsearch-hadoop,org.elasticsearch.hadoop.mr,PrintStreamRecordWriter,Unutilized Abstraction
elasticsearch-hadoop,org.elasticsearch.hadoop.mr.security,EsTokenIdentifier,Deficient Encapsulation
elasticsearch-hadoop,org.elasticsearch.hadoop.mr.security,Renewer,Unutilized Abstraction
elasticsearch-hadoop,org.elasticsearch.hadoop.mr.security,HadoopRealUserProvider,Unutilized Abstraction
elasticsearch-hadoop,org.elasticsearch.hadoop.mr.security,HadoopUser,Unutilized Abstraction
elasticsearch-hadoop,org.elasticsearch.hadoop.mr.security,TokenUtil,Deficient Encapsulation
elasticsearch-hadoop,org.elasticsearch.hadoop.mr.security,EsTokenIdentifierTest,Unutilized Abstraction
elasticsearch-hadoop,org.elasticsearch.hadoop.mr.security,HadoopUserTest,Unutilized Abstraction
elasticsearch-hadoop,org.elasticsearch.hadoop.rest.bulk,BulkProcessor,Cyclic-Dependent Modularization
elasticsearch-hadoop,org.elasticsearch.hadoop.rest.bulk,BulkError,Unutilized Abstraction
elasticsearch-hadoop,org.elasticsearch.hadoop.rest.bulk,BulkProcessorTest,Cyclic-Dependent Modularization
elasticsearch-hadoop,org.elasticsearch.hadoop.rest.bulk,BulkProcessorTest,Insufficient Modularization
elasticsearch-hadoop,org.elasticsearch.hadoop.rest.bulk,ComplicatedRetryHandler,Cyclic-Dependent Modularization
elasticsearch-hadoop,org.elasticsearch.hadoop.rest.bulk,IncrementingHandler,Cyclic-Dependent Modularization
elasticsearch-hadoop,org.elasticsearch.hadoop.rest.bulk,NewlineDroppingHandler,Cyclic-Dependent Modularization
elasticsearch-hadoop,org.elasticsearch.hadoop.rest.bulk.handler,BulkWriteErrorHandler,Unutilized Abstraction
elasticsearch-hadoop,org.elasticsearch.hadoop.rest.bulk.handler,BulkWriteErrorHandler,Broken Hierarchy
elasticsearch-hadoop,org.elasticsearch.hadoop.rest.bulk.handler,IBulkWriteErrorHandler,Unnecessary Abstraction
elasticsearch-hadoop,org.elasticsearch.hadoop.rest.bulk.handler,IBulkWriteErrorHandler,Unutilized Abstraction
elasticsearch-hadoop,org.elasticsearch.hadoop.rest.bulk.handler,BulkWriteErrorCollectorTest,Unutilized Abstraction
elasticsearch-hadoop,org.elasticsearch.hadoop.rest.bulk.handler.impl,BulkLogRenderer,Unutilized Abstraction
elasticsearch-hadoop,org.elasticsearch.hadoop.rest.bulk.handler.impl,BulkWriteHandlerLoader,Deficient Encapsulation
elasticsearch-hadoop,org.elasticsearch.hadoop.rest.bulk.handler.impl,BulkWriteHandlerLoader,Cyclic-Dependent Modularization
elasticsearch-hadoop,org.elasticsearch.hadoop.rest.bulk.handler.impl,DelegatingErrorHandler,Unutilized Abstraction
elasticsearch-hadoop,org.elasticsearch.hadoop.rest.bulk.handler.impl,HttpRetryHandler,Unutilized Abstraction
elasticsearch-hadoop,org.elasticsearch.hadoop.rest.bulk.handler.impl,BulkErrorEventConverterTest,Unutilized Abstraction
elasticsearch-hadoop,org.elasticsearch.hadoop.rest.commonshttp.auth.bearer,EsApiKeyAuthScheme,Cyclic-Dependent Modularization
elasticsearch-hadoop,org.elasticsearch.hadoop.rest.commonshttp.auth,EsHadoopAuthPolicies,Deficient Encapsulation
elasticsearch-hadoop,org.elasticsearch.hadoop.rest.commonshttp.auth,EsHadoopAuthPolicies,Cyclic-Dependent Modularization
elasticsearch-hadoop,org.elasticsearch.hadoop.rest.commonshttp,BytesArrayRequestEntity,Unutilized Abstraction
elasticsearch-hadoop,org.elasticsearch.hadoop.rest.commonshttp,CommonsHttpTransport,Insufficient Modularization
elasticsearch-hadoop,org.elasticsearch.hadoop.rest.commonshttp,ResponseInputStream,Unutilized Abstraction
elasticsearch-hadoop,org.elasticsearch.hadoop.rest.commonshttp,SocketTrackingConnectionManager,Unutilized Abstraction
elasticsearch-hadoop,org.elasticsearch.hadoop.rest.commonshttp,CommonsHttpTransportFactory,Unutilized Abstraction
elasticsearch-hadoop,org.elasticsearch.hadoop.rest.commonshttp,DeleteMethodWithBody,Unutilized Abstraction
elasticsearch-hadoop,org.elasticsearch.hadoop.rest.commonshttp,GetMethodWithBody,Unutilized Abstraction
elasticsearch-hadoop,org.elasticsearch.hadoop.rest.commonshttp,ProtocolAwareHostConfiguration,Unutilized Abstraction
elasticsearch-hadoop,org.elasticsearch.hadoop.rest.commonshttp,TrustManagerDelegate,Unutilized Abstraction
elasticsearch-hadoop,org.elasticsearch.hadoop.rest.commonshttp,SelfSignedStrategy,Unutilized Abstraction
elasticsearch-hadoop,org.elasticsearch.hadoop.rest.commonshttp,CommonsHttpTransportTests,Unutilized Abstraction
elasticsearch-hadoop,org.elasticsearch.hadoop.rest.commonshttp,CommonsHttpTransportTests,Deficient Encapsulation
elasticsearch-hadoop,org.elasticsearch.hadoop.rest,DelegatingInputStream,Unutilized Abstraction
elasticsearch-hadoop,org.elasticsearch.hadoop.rest,EsHadoopInvalidRequest,Unutilized Abstraction
elasticsearch-hadoop,org.elasticsearch.hadoop.rest,EsHadoopNoNodesLeftException,Unutilized Abstraction
elasticsearch-hadoop,org.elasticsearch.hadoop.rest,EsHadoopNoNodesLeftException,Broken Hierarchy
elasticsearch-hadoop,org.elasticsearch.hadoop.rest,EsHadoopParsingException,Unutilized Abstraction
elasticsearch-hadoop,org.elasticsearch.hadoop.rest,EsHadoopTransportException,Unutilized Abstraction
elasticsearch-hadoop,org.elasticsearch.hadoop.rest,HttpStatus,Multifaceted Abstraction
elasticsearch-hadoop,org.elasticsearch.hadoop.rest,HttpStatus,Deficient Encapsulation
elasticsearch-hadoop,org.elasticsearch.hadoop.rest,InitializationUtils,Cyclic-Dependent Modularization
elasticsearch-hadoop,org.elasticsearch.hadoop.rest,InitializationUtils,Insufficient Modularization
elasticsearch-hadoop,org.elasticsearch.hadoop.rest,NoRetry,Unutilized Abstraction
elasticsearch-hadoop,org.elasticsearch.hadoop.rest,PartitionDefinition,Deficient Encapsulation
elasticsearch-hadoop,org.elasticsearch.hadoop.rest,PartitionDefinition,Insufficient Modularization
elasticsearch-hadoop,org.elasticsearch.hadoop.rest,Slice,Deficient Encapsulation
elasticsearch-hadoop,org.elasticsearch.hadoop.rest,Resource,Deficient Encapsulation
elasticsearch-hadoop,org.elasticsearch.hadoop.rest,RestClient,Insufficient Modularization
elasticsearch-hadoop,org.elasticsearch.hadoop.rest,RestClient,Hub-like Modularization
elasticsearch-hadoop,org.elasticsearch.hadoop.rest,BulkActionResponse,Unutilized Abstraction
elasticsearch-hadoop,org.elasticsearch.hadoop.rest,RestRepository,Cyclic-Dependent Modularization
elasticsearch-hadoop,org.elasticsearch.hadoop.rest,RestRepository,Insufficient Modularization
elasticsearch-hadoop,org.elasticsearch.hadoop.rest,RestService,Deficient Encapsulation
elasticsearch-hadoop,org.elasticsearch.hadoop.rest,RestService,Cyclic-Dependent Modularization
elasticsearch-hadoop,org.elasticsearch.hadoop.rest,RestService,Insufficient Modularization
elasticsearch-hadoop,org.elasticsearch.hadoop.rest,PartitionReader,Deficient Encapsulation
elasticsearch-hadoop,org.elasticsearch.hadoop.rest,PartitionReader,Cyclic-Dependent Modularization
elasticsearch-hadoop,org.elasticsearch.hadoop.rest,PartitionWriter,Deficient Encapsulation
elasticsearch-hadoop,org.elasticsearch.hadoop.rest,MultiReaderIterator,Unutilized Abstraction
elasticsearch-hadoop,org.elasticsearch.hadoop.rest,ReusableInputStream,Unutilized Abstraction
elasticsearch-hadoop,org.elasticsearch.hadoop.rest,ScrollQuery,Cyclic-Dependent Modularization
elasticsearch-hadoop,org.elasticsearch.hadoop.rest,SearchRequestBuilder,Cyclic-Dependent Modularization
elasticsearch-hadoop,org.elasticsearch.hadoop.rest,SearchRequestBuilder,Insufficient Modularization
elasticsearch-hadoop,org.elasticsearch.hadoop.rest,Slice,Unutilized Abstraction
elasticsearch-hadoop,org.elasticsearch.hadoop.rest,SimpleRetry,Unutilized Abstraction
elasticsearch-hadoop,org.elasticsearch.hadoop.rest,SimpleResponse,Unutilized Abstraction
elasticsearch-hadoop,org.elasticsearch.hadoop.rest,ApplyAliasMetaDataTest,Unutilized Abstraction
elasticsearch-hadoop,org.elasticsearch.hadoop.rest,ErrorExtractorTest,Unutilized Abstraction
elasticsearch-hadoop,org.elasticsearch.hadoop.rest,ErrorUtilsTest,Unutilized Abstraction
elasticsearch-hadoop,org.elasticsearch.hadoop.rest,FindPartitionsTest,Unutilized Abstraction
elasticsearch-hadoop,org.elasticsearch.hadoop.rest,InitializationUtilsTest,Unutilized Abstraction
elasticsearch-hadoop,org.elasticsearch.hadoop.rest,NetworkClientTest,Unutilized Abstraction
elasticsearch-hadoop,org.elasticsearch.hadoop.rest,QueryBuilderTestUtils,Unutilized Abstraction
elasticsearch-hadoop,org.elasticsearch.hadoop.rest,QueryTest,Unutilized Abstraction
elasticsearch-hadoop,org.elasticsearch.hadoop.rest,ResourceTest,Unutilized Abstraction
elasticsearch-hadoop,org.elasticsearch.hadoop.rest,ResourceTest,Insufficient Modularization
elasticsearch-hadoop,org.elasticsearch.hadoop.rest,RestClientTest,Unutilized Abstraction
elasticsearch-hadoop,org.elasticsearch.hadoop.rest,RestServiceTest,Unutilized Abstraction
elasticsearch-hadoop,org.elasticsearch.hadoop.rest,ScrollQueryTest,Unutilized Abstraction
elasticsearch-hadoop,org.elasticsearch.hadoop.rest,SearchRequestBuilderTest,Unutilized Abstraction
elasticsearch-hadoop,org.elasticsearch.hadoop.rest,RestUtils,Insufficient Modularization
elasticsearch-hadoop,org.elasticsearch.hadoop.rest.query,ConstantScoreQueryBuilder,Deficient Encapsulation
elasticsearch-hadoop,org.elasticsearch.hadoop.rest.query,MatchAllQueryBuilder,Deficient Encapsulation
elasticsearch-hadoop,org.elasticsearch.hadoop.rest.query,QueryUtilsTest,Unutilized Abstraction
elasticsearch-hadoop,org.elasticsearch.hadoop.rest.query,RawQueryBuilderTest,Unutilized Abstraction
elasticsearch-hadoop,org.elasticsearch.hadoop.rest.request,Response,Unutilized Abstraction
elasticsearch-hadoop,org.elasticsearch.hadoop.rest.request,Response,Broken Hierarchy
elasticsearch-hadoop,org.elasticsearch.hadoop.rest.request,Response,Unnecessary Abstraction
elasticsearch-hadoop,org.elasticsearch.hadoop.rest.request,Response,Unutilized Abstraction
elasticsearch-hadoop,org.elasticsearch.hadoop.rest.stats,Stats,Deficient Encapsulation
elasticsearch-hadoop,org.elasticsearch.hadoop.rest.stats,StatsAware,Unutilized Abstraction
elasticsearch-hadoop,org.elasticsearch.hadoop.security,EsHadoopSecurityException,Unutilized Abstraction
elasticsearch-hadoop,org.elasticsearch.hadoop.security,KerberosPasswordConfiguration,Unutilized Abstraction
elasticsearch-hadoop,org.elasticsearch.hadoop.security,KerberosPasswordCallbackHandler,Unutilized Abstraction
elasticsearch-hadoop,org.elasticsearch.hadoop.security,KerberosKeytabConfiguration,Unutilized Abstraction
elasticsearch-hadoop,org.elasticsearch.hadoop.security,JdkUserTest,Unutilized Abstraction
elasticsearch-hadoop,org.elasticsearch.hadoop.security,KeystoreWrapperTest,Unutilized Abstraction
elasticsearch-hadoop,org.elasticsearch.hadoop.serialization.builder,AbstractValueReader,Unutilized Abstraction
elasticsearch-hadoop,org.elasticsearch.hadoop.serialization.builder,FilteringValueWriter,Unutilized Abstraction
elasticsearch-hadoop,org.elasticsearch.hadoop.serialization.builder,FilteringValueWriter,Broken Hierarchy
elasticsearch-hadoop,org.elasticsearch.hadoop.serialization.builder,JdkValueReader,Unutilized Abstraction
elasticsearch-hadoop,org.elasticsearch.hadoop.serialization.builder,JdkValueReader,Broken Hierarchy
elasticsearch-hadoop,org.elasticsearch.hadoop.serialization.builder,JdkValueReader,Insufficient Modularization
elasticsearch-hadoop,org.elasticsearch.hadoop.serialization.builder,JdkValueWriter,Unutilized Abstraction
elasticsearch-hadoop,org.elasticsearch.hadoop.serialization.builder,JdkValueWriter,Broken Hierarchy
elasticsearch-hadoop,org.elasticsearch.hadoop.serialization.builder,JdkExtendedBooleanValueReaderReaderTest,Unutilized Abstraction
elasticsearch-hadoop,org.elasticsearch.hadoop.serialization.builder,JdkValueReaderTest,Unutilized Abstraction
elasticsearch-hadoop,org.elasticsearch.hadoop.serialization.builder,JdkValueWriterTest,Unutilized Abstraction
elasticsearch-hadoop,org.elasticsearch.hadoop.serialization.builder,NoOpValueWriterTest,Unutilized Abstraction
elasticsearch-hadoop,org.elasticsearch.hadoop.serialization.builder,AbstractExtendedBooleanValueReaderTest,Unutilized Abstraction
elasticsearch-hadoop,org.elasticsearch.hadoop.serialization.bulk,AbstractBulkFactory,Unutilized Abstraction
elasticsearch-hadoop,org.elasticsearch.hadoop.serialization.bulk,FieldWriter,Unutilized Abstraction
elasticsearch-hadoop,org.elasticsearch.hadoop.serialization.bulk,DynamicContentRef,Unutilized Abstraction
elasticsearch-hadoop,org.elasticsearch.hadoop.serialization.bulk,DynamicHeaderRef,Unutilized Abstraction
elasticsearch-hadoop,org.elasticsearch.hadoop.serialization.bulk,DynamicEndRef,Unutilized Abstraction
elasticsearch-hadoop,org.elasticsearch.hadoop.serialization.bulk,RequestParameterNames,Unutilized Abstraction
elasticsearch-hadoop,org.elasticsearch.hadoop.serialization.bulk,DynamicFieldExtractor,Unutilized Abstraction
elasticsearch-hadoop,org.elasticsearch.hadoop.serialization.bulk,BulkEntryWriter,Cyclic-Dependent Modularization
elasticsearch-hadoop,org.elasticsearch.hadoop.serialization.bulk,CreateBulkFactory,Unutilized Abstraction
elasticsearch-hadoop,org.elasticsearch.hadoop.serialization.bulk,CreateBulkFactory,Broken Hierarchy
elasticsearch-hadoop,org.elasticsearch.hadoop.serialization.bulk,DeleteBulkFactory,Unutilized Abstraction
elasticsearch-hadoop,org.elasticsearch.hadoop.serialization.bulk,DeleteBulkFactory,Broken Hierarchy
elasticsearch-hadoop,org.elasticsearch.hadoop.serialization.bulk,DeleteTemplatedBulk,Unutilized Abstraction
elasticsearch-hadoop,org.elasticsearch.hadoop.serialization.bulk,IndexBulkFactory,Unutilized Abstraction
elasticsearch-hadoop,org.elasticsearch.hadoop.serialization.bulk,IndexBulkFactory,Broken Hierarchy
elasticsearch-hadoop,org.elasticsearch.hadoop.serialization.bulk,JsonScriptTemplateBulk,Unutilized Abstraction
elasticsearch-hadoop,org.elasticsearch.hadoop.serialization.bulk,JsonScriptTemplateBulk,Broken Hierarchy
elasticsearch-hadoop,org.elasticsearch.hadoop.serialization.bulk,JsonTemplatedBulk,Unutilized Abstraction
elasticsearch-hadoop,org.elasticsearch.hadoop.serialization.bulk,JsonTemplatedBulk,Broken Hierarchy
elasticsearch-hadoop,org.elasticsearch.hadoop.serialization.bulk,PerEntityPoolingMetadataExtractor,Unutilized Abstraction
elasticsearch-hadoop,org.elasticsearch.hadoop.serialization.bulk,StaticFieldExtractor,Unutilized Abstraction
elasticsearch-hadoop,org.elasticsearch.hadoop.serialization.bulk,UnsupportedMetadataFieldExtractor,Unutilized Abstraction
elasticsearch-hadoop,org.elasticsearch.hadoop.serialization.bulk,ScriptTemplateBulk,Unutilized Abstraction
elasticsearch-hadoop,org.elasticsearch.hadoop.serialization.bulk,TemplatedBulk,Unutilized Abstraction
elasticsearch-hadoop,org.elasticsearch.hadoop.serialization.bulk,TemplatedBulk,Missing Hierarchy
elasticsearch-hadoop,org.elasticsearch.hadoop.serialization.bulk,UpdateBulkFactory,Unutilized Abstraction
elasticsearch-hadoop,org.elasticsearch.hadoop.serialization.bulk,UpdateBulkFactory,Broken Hierarchy
elasticsearch-hadoop,org.elasticsearch.hadoop.serialization.bulk,BulkEntryWriterTest,Unutilized Abstraction
elasticsearch-hadoop,org.elasticsearch.hadoop.serialization.dto.mapping,GeoField,Unutilized Abstraction
elasticsearch-hadoop,org.elasticsearch.hadoop.serialization.dto.mapping,Mapping,Cyclic-Dependent Modularization
elasticsearch-hadoop,org.elasticsearch.hadoop.serialization.dto.mapping,MappingSet,Deficient Encapsulation
elasticsearch-hadoop,org.elasticsearch.hadoop.serialization.dto.mapping,MappingSet,Cyclic-Dependent Modularization
elasticsearch-hadoop,org.elasticsearch.hadoop.serialization.dto.mapping,MappingTest,Unutilized Abstraction
elasticsearch-hadoop,org.elasticsearch.hadoop.serialization.dto.mapping,MappingTest,Insufficient Modularization
elasticsearch-hadoop,org.elasticsearch.hadoop.serialization.field,ConstantFieldExtractor,Deficient Encapsulation
elasticsearch-hadoop,org.elasticsearch.hadoop.serialization.field,DateIndexFormatter,Unutilized Abstraction
elasticsearch-hadoop,org.elasticsearch.hadoop.serialization.field,DefaultIndexExtractor,Unutilized Abstraction
elasticsearch-hadoop,org.elasticsearch.hadoop.serialization.field,DefaultParamsExtractor,Unutilized Abstraction
elasticsearch-hadoop,org.elasticsearch.hadoop.serialization.field,FieldExplainer,Unutilized Abstraction
elasticsearch-hadoop,org.elasticsearch.hadoop.serialization.field,FieldFilter,Deficient Encapsulation
elasticsearch-hadoop,org.elasticsearch.hadoop.serialization.field,Result,Deficient Encapsulation
elasticsearch-hadoop,org.elasticsearch.hadoop.serialization.field,NumberedInclude,Deficient Encapsulation
elasticsearch-hadoop,org.elasticsearch.hadoop.serialization.field,PrecomputedFieldExtractor,Unutilized Abstraction
elasticsearch-hadoop,org.elasticsearch.hadoop.serialization.field,FixedFieldExtractor,Unutilized Abstraction
elasticsearch-hadoop,org.elasticsearch.hadoop.serialization.field,NoOpFieldExtractor,Unutilized Abstraction
elasticsearch-hadoop,org.elasticsearch.hadoop.serialization.field,DateIndexFormatterTest,Unutilized Abstraction
elasticsearch-hadoop,org.elasticsearch.hadoop.serialization.field,DefaultIndexExtractorTest,Unutilized Abstraction
elasticsearch-hadoop,org.elasticsearch.hadoop.serialization.field,FieldFilterTest,Insufficient Modularization
elasticsearch-hadoop,org.elasticsearch.hadoop.serialization.field,JsonFieldExtractorsTest,Unutilized Abstraction
elasticsearch-hadoop,org.elasticsearch.hadoop.serialization.handler.read,DeserializationErrorHandler,Unutilized Abstraction
elasticsearch-hadoop,org.elasticsearch.hadoop.serialization.handler.read,DeserializationErrorHandler,Broken Hierarchy
elasticsearch-hadoop,org.elasticsearch.hadoop.serialization.handler.read,IDeserializationErrorHandler,Unnecessary Abstraction
elasticsearch-hadoop,org.elasticsearch.hadoop.serialization.handler.read,IDeserializationErrorHandler,Unutilized Abstraction
elasticsearch-hadoop,org.elasticsearch.hadoop.serialization.handler.read.impl,AbortOnlyHandlerLoader,Unutilized Abstraction
elasticsearch-hadoop,org.elasticsearch.hadoop.serialization.handler.read.impl,AbortOnlyHandlerLoader,Broken Hierarchy
elasticsearch-hadoop,org.elasticsearch.hadoop.serialization.handler.read.impl,DelegatingErrorHandler,Unutilized Abstraction
elasticsearch-hadoop,org.elasticsearch.hadoop.serialization.handler.read.impl,DeserializationHandlerLoader,Deficient Encapsulation
elasticsearch-hadoop,org.elasticsearch.hadoop.serialization.handler.read.impl,DeserializationHandlerLoader,Cyclic-Dependent Modularization
elasticsearch-hadoop,org.elasticsearch.hadoop.serialization.handler.read.impl,DeserializationLogRenderer,Unutilized Abstraction
elasticsearch-hadoop,org.elasticsearch.hadoop.serialization.handler.read.impl,DeserializationEventConverterTest,Unutilized Abstraction
elasticsearch-hadoop,org.elasticsearch.hadoop.serialization.handler.write,ISerializationErrorHandler,Unnecessary Abstraction
elasticsearch-hadoop,org.elasticsearch.hadoop.serialization.handler.write,ISerializationErrorHandler,Unutilized Abstraction
elasticsearch-hadoop,org.elasticsearch.hadoop.serialization.handler.write,SerializationErrorHandler,Unutilized Abstraction
elasticsearch-hadoop,org.elasticsearch.hadoop.serialization.handler.write,SerializationErrorHandler,Broken Hierarchy
elasticsearch-hadoop,org.elasticsearch.hadoop.serialization.json,BackportedJacksonMappingIterator,Unutilized Abstraction
elasticsearch-hadoop,org.elasticsearch.hadoop.serialization.json,BackportedObjectReader,Cyclic-Dependent Modularization
elasticsearch-hadoop,org.elasticsearch.hadoop.serialization.json,BlockAwareJsonParser,Insufficient Modularization
elasticsearch-hadoop,org.elasticsearch.hadoop.serialization.json,JacksonJsonGenerator,Insufficient Modularization
elasticsearch-hadoop,org.elasticsearch.hadoop.serialization.json,JacksonJsonParser,Insufficient Modularization
elasticsearch-hadoop,org.elasticsearch.hadoop.serialization.json,JsonFactory,Cyclic-Dependent Modularization
elasticsearch-hadoop,org.elasticsearch.hadoop.serialization.json,JacksonObjectReader,Unutilized Abstraction
elasticsearch-hadoop,org.elasticsearch.hadoop.serialization.json,BlockAwareJsonParserTest,Unutilized Abstraction
elasticsearch-hadoop,org.elasticsearch.hadoop.serialization.json,JacksonJsonGeneratorTest,Unutilized Abstraction
elasticsearch-hadoop,org.elasticsearch.hadoop.util,BytesArray,Deficient Encapsulation
elasticsearch-hadoop,org.elasticsearch.hadoop.util,BytesArray,Cyclic-Dependent Modularization
elasticsearch-hadoop,org.elasticsearch.hadoop.util,BytesArray,Insufficient Modularization
elasticsearch-hadoop,org.elasticsearch.hadoop.util,ClusterName,Deficient Encapsulation
elasticsearch-hadoop,org.elasticsearch.hadoop.util,Constants,Unnecessary Abstraction
elasticsearch-hadoop,org.elasticsearch.hadoop.util,Constants,Deficient Encapsulation
elasticsearch-hadoop,org.elasticsearch.hadoop.util,DateUtils,Deficient Encapsulation
elasticsearch-hadoop,org.elasticsearch.hadoop.util,EsMajorVersion,Deficient Encapsulation
elasticsearch-hadoop,org.elasticsearch.hadoop.util,OsUtil,Deficient Encapsulation
elasticsearch-hadoop,org.elasticsearch.hadoop.util,StringUtils,Deficient Encapsulation
elasticsearch-hadoop,org.elasticsearch.hadoop.util,StringUtils,Insufficient Modularization
elasticsearch-hadoop,org.elasticsearch.hadoop.util,IpAndPort,Unutilized Abstraction
elasticsearch-hadoop,org.elasticsearch.hadoop.util,IpAndPort,Deficient Encapsulation
elasticsearch-hadoop,org.elasticsearch.hadoop.util,UnicodeUtil,Deficient Encapsulation
elasticsearch-hadoop,org.elasticsearch.hadoop.util,UnicodeUtil,Cyclic-Dependent Modularization
elasticsearch-hadoop,org.elasticsearch.hadoop.util,Version,Deficient Encapsulation
elasticsearch-hadoop,org.elasticsearch.hadoop.util,ArrayUtilsTest,Unutilized Abstraction
elasticsearch-hadoop,org.elasticsearch.hadoop.util,BytesArrayPoolTest,Unutilized Abstraction
elasticsearch-hadoop,org.elasticsearch.hadoop.util,BytesArrayTest,Unutilized Abstraction
elasticsearch-hadoop,org.elasticsearch.hadoop.util,ClusterInfoTest,Unutilized Abstraction
elasticsearch-hadoop,org.elasticsearch.hadoop.util,DateUtilsTest,Unutilized Abstraction
elasticsearch-hadoop,org.elasticsearch.hadoop.util,EsMajorVersionTest,Unutilized Abstraction
elasticsearch-hadoop,org.elasticsearch.hadoop.util,FastByteArrayInputStreamTest,Unutilized Abstraction
elasticsearch-hadoop,org.elasticsearch.hadoop.util,IOUtilsTest,Unutilized Abstraction
elasticsearch-hadoop,org.elasticsearch.hadoop.util,SpringBootURLStreamHandler,Unutilized Abstraction
elasticsearch-hadoop,org.elasticsearch.hadoop.util,LevenshteinTests,Unutilized Abstraction
elasticsearch-hadoop,org.elasticsearch.hadoop.util,SettingsUtilsTest,Unutilized Abstraction
elasticsearch-hadoop,org.elasticsearch.hadoop.util,StringUtilsTest,Unutilized Abstraction
elasticsearch-hadoop,org.elasticsearch.hadoop.util,TrackingBytesArrayTest,Unutilized Abstraction
elasticsearch-hadoop,org.elasticsearch.hadoop.util,WritableUtilsTest,Unutilized Abstraction
elasticsearch-hadoop,org.elasticsearch.hadoop.util,TestSettings,Deficient Encapsulation
elasticsearch-hadoop,org.elasticsearch.hadoop.util,TestUtils,Deficient Encapsulation
elasticsearch-hadoop,org.elasticsearch.hadoop.util,BytesUtilsTest,Unutilized Abstraction
elasticsearch-hadoop,org.elasticsearch.hadoop.util.ecs,ElasticCommonSchema,Deficient Encapsulation
elasticsearch-hadoop,org.elasticsearch.hadoop.util.ecs,FieldNames,Deficient Encapsulation
elasticsearch-hadoop,org.elasticsearch.hadoop.util.ecs,GetPropAction,Unutilized Abstraction
elasticsearch-hadoop,org.elasticsearch.hadoop.util.ecs,ElasticCommonSchemaTest,Unutilized Abstraction
elasticsearch-hadoop,org.elasticsearch.hadoop.util.encoding,HttpEncodingToolsTest,Unutilized Abstraction
elasticsearch-hadoop,org.elasticsearch.hadoop.util.unit,ByteSizeValue,Insufficient Modularization
elasticsearch-hadoop,org.elasticsearch.hadoop.util.unit,TimeValue,Insufficient Modularization
elasticsearch-hadoop,org.elasticsearch.hadoop.util.unit,BooleansTest,Unutilized Abstraction
elasticsearch-hadoop,org.elasticsearch.hadoop.util.unit,ByteSizeUnitTests,Unutilized Abstraction
elasticsearch-hadoop,org.elasticsearch.hadoop.util.unit,ByteSizeValueTests,Unutilized Abstraction
elasticsearch-hadoop,org.elasticsearch.hadoop.util.unit,TimeValueTests,Unutilized Abstraction
elasticsearch-hadoop,org.elasticsearch.hadoop.rest.bulk.bwc,BulkOutputGeneratorBase,Unutilized Abstraction
elasticsearch-hadoop,org.elasticsearch.hadoop.rest.bulk.bwc,BulkOutputGeneratorV1,Unutilized Abstraction
elasticsearch-hadoop,org.elasticsearch.hadoop.rest.bulk.bwc,BulkOutputGeneratorV2,Unutilized Abstraction
elasticsearch-hadoop,org.elasticsearch.hadoop.rest.bulk.bwc,BulkOutputGeneratorV5,Unutilized Abstraction
elasticsearch-hadoop,org.elasticsearch.hadoop.qa.kerberos,AbstractClusterVerificationTests,Unutilized Abstraction
elasticsearch-hadoop,org.elasticsearch.hadoop.qa.kerberos,AbstractKerberosClientTest,Unutilized Abstraction
elasticsearch-hadoop,org.elasticsearch.hadoop.qa.kerberos,KerberosQaSuite,Unnecessary Abstraction
elasticsearch-hadoop,org.elasticsearch.hadoop.qa.kerberos,KerberosQaSuite,Unutilized Abstraction
elasticsearch-hadoop,org.elasticsearch.hadoop.qa.kerberos,KerberosQaSuite,Deficient Encapsulation
elasticsearch-hadoop,org.elasticsearch.hadoop.qa.kerberos,LocalKdc,Unutilized Abstraction
elasticsearch-hadoop,org.elasticsearch.hadoop.qa.kerberos.dfs,SecureFsShell,Unutilized Abstraction
elasticsearch-hadoop,org.elasticsearch.hadoop.qa.kerberos.hive,SecureBeeline,Unutilized Abstraction
elasticsearch-hadoop,org.elasticsearch.hadoop.qa.kerberos.mr,ConfTest,Unutilized Abstraction
elasticsearch-hadoop,org.elasticsearch.hadoop.qa.kerberos.mr,LoadToES,Unutilized Abstraction
elasticsearch-hadoop,org.elasticsearch.hadoop.qa.kerberos.mr,LoadToES,Deficient Encapsulation
elasticsearch-hadoop,org.elasticsearch.hadoop.qa.kerberos.mr,ReadFromES,Unutilized Abstraction
elasticsearch-hadoop,org.elasticsearch.hadoop.qa.kerberos.mr,MapperImpl,Unutilized Abstraction
elasticsearch-hadoop,org.elasticsearch.spark.integration,AbstractHadoopBasicSparkTest,Unutilized Abstraction
elasticsearch-hadoop,org.elasticsearch.spark.integration,AbstractHadoopBasicSparkTest,Deficient Encapsulation
elasticsearch-hadoop,org.elasticsearch.spark.integration,MyRegistrator,Unutilized Abstraction
elasticsearch-hadoop,org.elasticsearch.spark.integration,AbstractJavaEsSparkTest,Unutilized Abstraction
elasticsearch-hadoop,org.elasticsearch.spark.integration,ScalaUtils,Unutilized Abstraction
elasticsearch-hadoop,org.elasticsearch.spark.integration,SparkSuite,Unnecessary Abstraction
elasticsearch-hadoop,org.elasticsearch.spark.integration,SparkSuite,Unutilized Abstraction
elasticsearch-hadoop,org.elasticsearch.spark.integration,SparkSuite,Deficient Encapsulation
elasticsearch-hadoop,org.elasticsearch.spark.integration,SparkUtils,Deficient Encapsulation
elasticsearch-hadoop,org.elasticsearch.spark.integration,SparkScalaSuite,Unnecessary Abstraction
elasticsearch-hadoop,org.elasticsearch.spark.integration,SparkScalaSuite,Unutilized Abstraction
elasticsearch-hadoop,org.elasticsearch.spark.integration,SparkScalaSuite,Deficient Encapsulation
elasticsearch-hadoop,org.elasticsearch.spark.integration,AbstractJavaEsSparkSQLTest,Unutilized Abstraction
elasticsearch-hadoop,org.elasticsearch.spark.integration,AbstractJavaEsSparkSQLTest,Deficient Encapsulation
elasticsearch-hadoop,org.elasticsearch.spark.integration,AbstractJavaEsSparkStreamingTest,Insufficient Modularization
elasticsearch-hadoop,org.elasticsearch.spark.integration,ExtractIDFunction,Unutilized Abstraction
elasticsearch-hadoop,org.elasticsearch.spark.integration,ExtractMetaMap,Unutilized Abstraction
elasticsearch-hadoop,org.elasticsearch.spark.integration,SparkSQLSuite,Unnecessary Abstraction
elasticsearch-hadoop,org.elasticsearch.spark.integration,SparkSQLSuite,Unutilized Abstraction
elasticsearch-hadoop,org.elasticsearch.spark.integration,SparkSQLSuite,Deficient Encapsulation
elasticsearch-hadoop,org.elasticsearch.spark.integration,SparkStreamingSuite,Unnecessary Abstraction
elasticsearch-hadoop,org.elasticsearch.spark.integration,SparkStreamingSuite,Unutilized Abstraction
elasticsearch-hadoop,org.elasticsearch.spark.integration,SparkStreamingSuite,Deficient Encapsulation
elasticsearch-hadoop,org.elasticsearch.spark.integration,SparkUtils,Unutilized Abstraction
elasticsearch-hadoop,org.elasticsearch.spark.integration,SparkUtils,Deficient Encapsulation
elasticsearch-hadoop,org.elasticsearch.spark.integration,AbstractJavaEsSparkStructuredStreamingTest,Unutilized Abstraction
elasticsearch-hadoop,org.elasticsearch.spark.integration,AbstractJavaEsSparkStructuredStreamingTest,Insufficient Modularization
elasticsearch-hadoop,org.elasticsearch.spark.integration,SparkSQLScalaSuite,Unnecessary Abstraction
elasticsearch-hadoop,org.elasticsearch.spark.integration,SparkSQLScalaSuite,Unutilized Abstraction
elasticsearch-hadoop,org.elasticsearch.spark.integration,SparkSQLScalaSuite,Deficient Encapsulation
elasticsearch-hadoop,org.elasticsearch.spark.integration,SparkStreamingScalaSuite,Unnecessary Abstraction
elasticsearch-hadoop,org.elasticsearch.spark.integration,SparkStreamingScalaSuite,Unutilized Abstraction
elasticsearch-hadoop,org.elasticsearch.spark.integration,SparkStreamingScalaSuite,Deficient Encapsulation
elasticsearch-hadoop,org.elasticsearch.spark.integration,SparkStructuredStreamingScalaSuite,Unnecessary Abstraction
elasticsearch-hadoop,org.elasticsearch.spark.integration,SparkStructuredStreamingScalaSuite,Unutilized Abstraction
elasticsearch-hadoop,org.elasticsearch.spark.integration,SparkStructuredStreamingScalaSuite,Deficient Encapsulation
elasticsearch-hadoop,org.elasticsearch.spark.integration,SparkStructuredStreamingSuite,Unnecessary Abstraction
elasticsearch-hadoop,org.elasticsearch.spark.integration,SparkStructuredStreamingSuite,Unutilized Abstraction
elasticsearch-hadoop,org.elasticsearch.spark.integration,SparkStructuredStreamingSuite,Deficient Encapsulation
elasticsearch-hadoop,org.elasticsearch.spark.integration,AbstractJavaEsSparkSQLTest,Unutilized Abstraction
elasticsearch-hadoop,org.elasticsearch.spark.integration,AbstractJavaEsSparkSQLTest,Deficient Encapsulation
elasticsearch-hadoop,org.elasticsearch.spark.integration,AbstractJavaEsSparkStreamingTest,Unutilized Abstraction
elasticsearch-hadoop,org.elasticsearch.spark.integration,AbstractJavaEsSparkStreamingTest,Insufficient Modularization
elasticsearch-hadoop,org.elasticsearch.spark.integration,ExtractIDFunction,Unutilized Abstraction
elasticsearch-hadoop,org.elasticsearch.spark.integration,ExtractMetaMap,Unutilized Abstraction
elasticsearch-hadoop,org.elasticsearch.spark.integration,ExpectingToThrow,Unutilized Abstraction
elasticsearch-hadoop,org.elasticsearch.spark.integration,ScalaUtils,Unutilized Abstraction
elasticsearch-hadoop,org.elasticsearch.spark.integration,SparkSQLSuite,Unnecessary Abstraction
elasticsearch-hadoop,org.elasticsearch.spark.integration,SparkSQLSuite,Unutilized Abstraction
elasticsearch-hadoop,org.elasticsearch.spark.integration,SparkSQLSuite,Deficient Encapsulation
elasticsearch-hadoop,org.elasticsearch.spark.integration,SparkStreamingSuite,Unnecessary Abstraction
elasticsearch-hadoop,org.elasticsearch.spark.integration,SparkStreamingSuite,Unutilized Abstraction
elasticsearch-hadoop,org.elasticsearch.spark.integration,SparkStreamingSuite,Deficient Encapsulation
elasticsearch-hadoop,org.elasticsearch.spark.integration,SparkUtils,Unutilized Abstraction
elasticsearch-hadoop,org.elasticsearch.spark.integration,SparkUtils,Deficient Encapsulation
elasticsearch-hadoop,org.elasticsearch.spark.integration,AbstractJavaEsSparkStructuredStreamingTest,Unutilized Abstraction
elasticsearch-hadoop,org.elasticsearch.spark.integration,AbstractJavaEsSparkStructuredStreamingTest,Insufficient Modularization
elasticsearch-hadoop,org.elasticsearch.spark.integration,RecordBean,Unutilized Abstraction
elasticsearch-hadoop,org.elasticsearch.spark.integration,ContactBean,Unutilized Abstraction
elasticsearch-hadoop,org.elasticsearch.spark.integration,AddressBean,Unutilized Abstraction
elasticsearch-hadoop,org.elasticsearch.spark.integration,SparkSQLScalaSuite,Unnecessary Abstraction
elasticsearch-hadoop,org.elasticsearch.spark.integration,SparkSQLScalaSuite,Unutilized Abstraction
elasticsearch-hadoop,org.elasticsearch.spark.integration,SparkSQLScalaSuite,Deficient Encapsulation
elasticsearch-hadoop,org.elasticsearch.spark.integration,SparkStreamingScalaSuite,Unnecessary Abstraction
elasticsearch-hadoop,org.elasticsearch.spark.integration,SparkStreamingScalaSuite,Unutilized Abstraction
elasticsearch-hadoop,org.elasticsearch.spark.integration,SparkStreamingScalaSuite,Deficient Encapsulation
elasticsearch-hadoop,org.elasticsearch.spark.integration,SparkStructuredStreamingScalaSuite,Unnecessary Abstraction
elasticsearch-hadoop,org.elasticsearch.spark.integration,SparkStructuredStreamingScalaSuite,Unutilized Abstraction
elasticsearch-hadoop,org.elasticsearch.spark.integration,SparkStructuredStreamingScalaSuite,Deficient Encapsulation
elasticsearch-hadoop,org.elasticsearch.spark.integration,SparkStructuredStreamingSuite,Unnecessary Abstraction
elasticsearch-hadoop,org.elasticsearch.spark.integration,SparkStructuredStreamingSuite,Unutilized Abstraction
elasticsearch-hadoop,org.elasticsearch.spark.integration,SparkStructuredStreamingSuite,Deficient Encapsulation
elasticsearch-hadoop,org.elasticsearch.spark.serialization,Bean,Unutilized Abstraction
elasticsearch-hadoop,org.elasticsearch.spark.serialization,Bean,Unutilized Abstraction
elasticsearch-hadoop,org.elasticsearch.spark.serialization,Bean,Unutilized Abstraction
elasticsearch-hadoop,org.elasticsearch.spark.serialization,Bean,Unutilized Abstraction
elasticsearch-hadoop,org.elasticsearch.spark.cfg,SparkSettings,Unutilized Abstraction
elasticsearch-hadoop,org.elasticsearch.spark.cfg,SparkSettingsManager,Unutilized Abstraction
elasticsearch-hadoop,org.elasticsearch.spark.serialization.testbeans,Contact,Unutilized Abstraction
elasticsearch-hadoop,org.elasticsearch.spark.serialization.testbeans,ContactBook,Unutilized Abstraction
elasticsearch-hadoop,org.elasticsearch.spark.sql,UtilsTest,Unutilized Abstraction
elasticsearch-hadoop,org.elasticsearch.spark.sql,UtilsTest,Unutilized Abstraction
elasticsearch-hadoop,org.elasticsearch.spark.sql,Utils,Unutilized Abstraction
elasticsearch-hadoop,org.elasticsearch.spark.sql.streaming.api.java,JavaStreamingQueryTestHarness,Unutilized Abstraction
elasticsearch-hadoop,org.elasticsearch.spark.sql.streaming,NetcatTestServer,Unutilized Abstraction
elasticsearch-hadoop,org.elasticsearch.spark.sql.streaming,ConnectionHandler,Unutilized Abstraction
elasticsearch-hadoop,org.elasticsearch.spark.sql.streaming,NetcatTestServer,Unutilized Abstraction
elasticsearch-hadoop,org.elasticsearch.spark.sql.streaming,ConnectionHandler,Unutilized Abstraction
elasticsearch-hadoop,org.elasticsearch.hadoop.test.fixture.minikdc,MiniKdcFixture,Unutilized Abstraction
elasticsearch-hadoop,org.elasticsearch.hadoop.fixtures,EsEmbeddedCluster,Deficient Encapsulation
elasticsearch-hadoop,org.elasticsearch.hadoop.fixtures,LocalEs,Unutilized Abstraction
elasticsearch-hadoop,org.elasticsearch.hadoop.fs,HdfsUtils,Cyclic-Dependent Modularization
elasticsearch-hadoop,org.elasticsearch.hadoop.fs,NTFSLocalFileSystem,Deficient Encapsulation
elasticsearch-hadoop,org.elasticsearch.hadoop.rest.ssl,BasicSSLServer,Deficient Encapsulation
elasticsearch-hadoop,org.elasticsearch.hadoop.rest.ssl,BasicSSLServerInitializer,Unutilized Abstraction
elasticsearch-hadoop,org.elasticsearch.hadoop.rest.ssl,EchoServerHandler,Unutilized Abstraction
elasticsearch-hadoop,org.junit.rules,ChainedExternalResource,Unutilized Abstraction
