Project Name,Package Name,Type Name,NOF,NOPF,NOM,NOPM,LOC,WMC,NC,DIT,LCOM,FANIN,FANOUT
elasticsearch-hadoop,org.elasticsearch.hadoop.gradle.buildtools,ConcatFilesTask,3,0,9,9,49,12,0,0,0.2222222222222222,0,0
elasticsearch-hadoop,org.elasticsearch.hadoop.gradle.buildtools,DependenciesInfoPlugin,0,0,1,1,16,1,0,0,-1.0,0,2
elasticsearch-hadoop,org.elasticsearch.hadoop.gradle.buildtools,DependenciesInfoTask,5,0,15,12,114,20,0,0,0.13333333333333333,1,2
elasticsearch-hadoop,org.elasticsearch.hadoop.gradle.buildtools,DependencyLicensesTask,7,0,20,10,205,47,0,0,0.15,3,2
elasticsearch-hadoop,org.elasticsearch.hadoop.gradle.buildtools,Fixture,0,0,1,0,9,1,0,0,-1.0,0,0
elasticsearch-hadoop,org.elasticsearch.hadoop.gradle.buildtools,LazyFileOutputStream,1,0,7,5,32,7,0,0,0.0,0,0
elasticsearch-hadoop,org.elasticsearch.hadoop.gradle.buildtools,LicenseAnalyzer,8,0,8,7,55,10,0,0,0.0,2,0
elasticsearch-hadoop,org.elasticsearch.hadoop.gradle.buildtools,LicenseInfo,3,0,4,4,19,4,0,0,0.0,0,0
elasticsearch-hadoop,org.elasticsearch.hadoop.gradle.buildtools,LicenseMatcher,4,0,3,2,24,3,0,0,0.0,0,0
elasticsearch-hadoop,org.elasticsearch.hadoop.gradle.buildtools,LicenseHeadersTask,4,0,17,12,141,23,0,0,0.17647058823529413,1,1
elasticsearch-hadoop,org.elasticsearch.hadoop.gradle.buildtools,LoggedExec,4,0,7,6,104,14,0,0,0.5714285714285714,1,1
elasticsearch-hadoop,org.elasticsearch.hadoop.gradle.buildtools,UpdateShasTask,2,0,5,4,42,8,0,0,0.0,0,0
elasticsearch-hadoop,org.elasticsearch.hadoop.gradle.buildtools,Util,1,0,12,12,121,23,0,0,0.6666666666666666,2,2
elasticsearch-hadoop,org.elasticsearch.hadoop.gradle.buildtools.info,BuildParams,10,0,23,20,103,24,0,0,0.5652173913043478,3,2
elasticsearch-hadoop,org.elasticsearch.hadoop.gradle.buildtools.info,MutableBuildParams,1,0,11,10,47,11,0,0,1.0,2,2
elasticsearch-hadoop,org.elasticsearch.hadoop.gradle.buildtools.info,GlobalBuildInfoPlugin,8,0,22,5,301,50,0,0,0.3181818181818182,2,5
elasticsearch-hadoop,org.elasticsearch.hadoop.gradle.buildtools.info,GitInfo,2,0,3,2,14,3,0,0,0.0,1,0
elasticsearch-hadoop,org.elasticsearch.hadoop.gradle.buildtools.info,JavaHome,2,0,4,3,17,4,0,0,0.0,1,0
elasticsearch-hadoop,org.elasticsearch.hadoop.gradle.scala,SparkVariantPlugin,12,0,51,36,311,63,0,0,0.11764705882352941,1,5
elasticsearch-hadoop,org.elasticsearch.hadoop.gradle.scala,SparkVariant,7,0,17,17,85,20,0,0,0.0,2,0
elasticsearch-hadoop,org.elasticsearch.hadoop.gradle.scala,SparkVariantPluginExtension,3,0,16,16,66,19,0,0,0.25,1,2
elasticsearch-hadoop,org.elasticsearch.hadoop.gradle.scala,ScalaRuntimeCapability,1,0,1,1,20,3,0,0,0.0,1,0
elasticsearch-hadoop,org.elasticsearch.hadoop.gradle.util,ConfigureUtil,1,0,6,4,38,9,0,0,0.0,2,0
elasticsearch-hadoop,org.elasticsearch.hadoop.gradle.util,WrappedConfigureAction,1,0,3,2,12,3,0,0,0.0,0,0
elasticsearch-hadoop,org.elasticsearch.hadoop.gradle.util,Resources,0,0,1,1,22,3,0,0,-1.0,1,1
elasticsearch-hadoop,org.elasticsearch.hadoop.gradle.util,WaitForURL,6,0,12,10,124,20,0,0,0.4166666666666667,1,1
elasticsearch-hadoop,org.elasticsearch.hadoop.gradle.util,TrustAllManager,0,0,3,3,9,3,0,0,-1.0,0,0
elasticsearch-hadoop,org.elasticsearch.hadoop.gradle.util,TrustAllVerifier,0,0,1,1,5,1,0,0,-1.0,0,0
elasticsearch-hadoop,org.elasticsearch.hadoop.integration.hive,AbstractHiveExtraTests,0,0,4,4,48,5,0,0,-1.0,0,3
elasticsearch-hadoop,org.elasticsearch.hadoop.integration.hive,AbstractHiveReadJsonTest,5,1,13,10,102,17,0,0,0.15384615384615385,1,9
elasticsearch-hadoop,org.elasticsearch.hadoop.integration.hive,AbstractHiveSaveJsonTest,1,0,16,13,153,17,0,0,0.25,0,7
elasticsearch-hadoop,org.elasticsearch.hadoop.integration.hive,AbstractHiveSaveTest,1,0,35,32,281,35,0,0,0.08571428571428572,0,6
elasticsearch-hadoop,org.elasticsearch.hadoop.integration.hive,AbstractHiveSearchJsonTest,5,1,16,13,154,22,0,0,0.125,1,11
elasticsearch-hadoop,org.elasticsearch.hadoop.integration.hive,AbstractHiveSearchTest,5,1,25,22,233,29,0,0,0.0,1,10
elasticsearch-hadoop,org.elasticsearch.hadoop.integration.hive,HiveEmbeddedServer2,7,0,18,12,198,33,0,1,0.3333333333333333,2,9
elasticsearch-hadoop,org.elasticsearch.hadoop.integration.hive,InterceptingThreadLocal,0,0,1,1,6,1,0,0,-1.0,0,1
elasticsearch-hadoop,org.elasticsearch.hadoop.integration.hive,DummyHiveAuthenticationProvider,1,0,6,6,19,6,0,0,0.8333333333333334,1,0
elasticsearch-hadoop,org.elasticsearch.hadoop.integration.hive,HiveInstance,0,0,3,0,5,3,2,0,-1.0,1,0
elasticsearch-hadoop,org.elasticsearch.hadoop.integration.hive,HiveJdbc,4,0,4,4,51,8,0,1,0.0,0,0
elasticsearch-hadoop,org.elasticsearch.hadoop.integration.hive,HiveSuite,14,2,7,5,115,17,0,0,0.0,7,6
elasticsearch-hadoop,org.elasticsearch.hadoop.hive,EsHiveInputFormat,2,0,10,8,58,12,0,0,0.5,0,9
elasticsearch-hadoop,org.elasticsearch.hadoop.hive,EsHiveSplit,2,0,8,6,32,8,0,0,0.375,0,0
elasticsearch-hadoop,org.elasticsearch.hadoop.hive,EsHiveOutputFormat,1,0,4,4,38,6,0,0,0.5,0,9
elasticsearch-hadoop,org.elasticsearch.hadoop.hive,EsHiveRecordWriter,1,0,3,3,23,5,0,0,0.6666666666666666,0,2
elasticsearch-hadoop,org.elasticsearch.hadoop.hive,EsSerDe,14,0,10,7,149,28,0,0,0.3,1,13
elasticsearch-hadoop,org.elasticsearch.hadoop.hive,EsStorageHandler,1,0,11,8,84,19,0,0,0.6363636363636364,0,12
elasticsearch-hadoop,org.elasticsearch.hadoop.hive,HiveBytesArrayWritable,1,0,12,12,63,13,0,0,0.3333333333333333,3,2
elasticsearch-hadoop,org.elasticsearch.hadoop.hive,Comparator,0,0,2,2,11,2,0,0,-1.0,0,0
elasticsearch-hadoop,org.elasticsearch.hadoop.hive,HiveBytesConverter,0,0,1,1,20,2,0,0,-1.0,2,4
elasticsearch-hadoop,org.elasticsearch.hadoop.hive,HiveConstants,15,0,0,0,20,0,0,0,-1.0,6,0
elasticsearch-hadoop,org.elasticsearch.hadoop.hive,HiveFieldExtractor,1,0,2,1,40,8,0,0,0.0,2,6
elasticsearch-hadoop,org.elasticsearch.hadoop.hive,HiveType,2,0,6,6,26,6,0,0,0.0,6,0
elasticsearch-hadoop,org.elasticsearch.hadoop.hive,HiveUtils,1,0,9,0,114,21,0,0,0.7777777777777778,7,10
elasticsearch-hadoop,org.elasticsearch.hadoop.hive,HiveValueReader,3,0,12,3,72,15,0,0,0.75,1,4
elasticsearch-hadoop,org.elasticsearch.hadoop.hive,TimestampWritableReader,0,0,1,1,5,1,0,0,-1.0,1,0
elasticsearch-hadoop,org.elasticsearch.hadoop.hive,TimestampWritableV2Reader,0,0,1,1,5,1,0,0,-1.0,1,0
elasticsearch-hadoop,org.elasticsearch.hadoop.hive,HiveValueWriter,3,0,5,3,85,20,0,0,0.0,3,8
elasticsearch-hadoop,org.elasticsearch.hadoop.hive,HiveWritableValueWriter,0,0,6,3,75,16,0,0,-1.0,1,5
elasticsearch-hadoop,org.elasticsearch.hadoop.hive,DateWritableWriter,0,0,1,0,8,1,0,0,-1.0,1,0
elasticsearch-hadoop,org.elasticsearch.hadoop.hive,DateWritableWriterV2,0,0,1,0,8,1,0,0,-1.0,1,0
elasticsearch-hadoop,org.elasticsearch.hadoop.hive,TimestampV2Writer,0,0,1,0,9,1,0,0,-1.0,1,0
elasticsearch-hadoop,org.elasticsearch.hadoop.hive,FieldAliasTest,0,0,3,3,32,3,0,0,-1.0,0,3
elasticsearch-hadoop,org.elasticsearch.hadoop.hive,HiveValueReaderTest,0,0,2,1,18,2,0,0,-1.0,0,3
elasticsearch-hadoop,org.elasticsearch.hadoop.serialization.handler.write.impl,HiveSerializationEventConverterTest,0,0,2,2,46,2,0,0,-1.0,0,5
elasticsearch-hadoop,org.elasticsearch.hadoop.serialization.handler.write.impl,DelegatingErrorHandler,1,0,4,3,15,4,0,0,0.0,0,3
elasticsearch-hadoop,org.elasticsearch.hadoop.serialization.handler.write.impl,SerializationEventConverter,0,0,2,2,8,2,0,0,-1.0,2,1
elasticsearch-hadoop,org.elasticsearch.hadoop.serialization.handler.write.impl,SerializationHandlerLoader,2,2,4,1,30,7,0,0,1.0,2,4
elasticsearch-hadoop,org.elasticsearch.hadoop.serialization.handler.write.impl,SerializationLogRenderer,0,0,2,1,8,2,0,0,-1.0,0,1
elasticsearch-hadoop,org.elasticsearch.hadoop.serialization.handler.write.impl,SerializationEventConverterTest,0,0,2,2,36,2,0,0,-1.0,0,4
elasticsearch-hadoop,org.elasticsearch.hadoop.serialization,HiveFieldExtractorTests,0,0,5,4,35,5,0,0,-1.0,0,5
elasticsearch-hadoop,org.elasticsearch.hadoop.serialization,HiveTypeToJsonTest,1,0,25,23,100,25,0,0,0.12,0,6
elasticsearch-hadoop,org.elasticsearch.hadoop.serialization,MyHiveType,0,0,2,2,8,2,0,0,-1.0,1,0
elasticsearch-hadoop,org.elasticsearch.hadoop.serialization,BytesConverter,0,0,1,0,8,1,1,0,-1.0,1,1
elasticsearch-hadoop,org.elasticsearch.hadoop.serialization,EsHadoopSerializationException,0,0,4,4,14,4,0,0,-1.0,0,0
elasticsearch-hadoop,org.elasticsearch.hadoop.serialization,Generator,0,0,23,0,25,23,0,0,-1.0,22,0
elasticsearch-hadoop,org.elasticsearch.hadoop.serialization,JdkBytesConverter,0,0,1,1,14,3,0,1,-1.0,1,1
elasticsearch-hadoop,org.elasticsearch.hadoop.serialization,MapFieldExtractor,0,0,1,0,21,4,0,0,-1.0,2,0
elasticsearch-hadoop,org.elasticsearch.hadoop.serialization,Parser,0,0,30,11,74,30,0,0,-1.0,11,0
elasticsearch-hadoop,org.elasticsearch.hadoop.serialization,ParsingUtils,5,1,16,6,257,65,0,0,0.1875,9,7
elasticsearch-hadoop,org.elasticsearch.hadoop.serialization,Matcher,4,0,5,1,26,6,0,0,0.4,1,1
elasticsearch-hadoop,org.elasticsearch.hadoop.serialization,ScrollReader,33,0,35,14,832,162,0,0,0.11428571428571428,13,17
elasticsearch-hadoop,org.elasticsearch.hadoop.serialization,JsonFragment,3,0,4,2,19,4,0,0,0.5,3,1
elasticsearch-hadoop,org.elasticsearch.hadoop.serialization,JsonResult,2,0,5,1,37,10,0,0,0.0,1,1
elasticsearch-hadoop,org.elasticsearch.hadoop.serialization,Scroll,6,0,9,8,45,9,0,0,0.0,3,0
elasticsearch-hadoop,org.elasticsearch.hadoop.serialization,ScrollReaderConfigBuilder,10,0,23,23,102,23,0,0,0.0,9,7
elasticsearch-hadoop,org.elasticsearch.hadoop.serialization,SettingsAware,0,0,1,0,6,1,0,0,-1.0,0,1
elasticsearch-hadoop,org.elasticsearch.hadoop.serialization,CommandTest,6,0,42,35,470,57,0,0,0.0,0,11
elasticsearch-hadoop,org.elasticsearch.hadoop.serialization,FieldExtractorTests,0,0,10,9,58,10,0,0,-1.0,0,3
elasticsearch-hadoop,org.elasticsearch.hadoop.serialization,JdkTypeToJsonTest,4,0,34,32,144,34,0,0,0.17647058823529413,0,6
elasticsearch-hadoop,org.elasticsearch.hadoop.serialization,Ratio,2,0,6,6,23,6,0,0,0.0,0,0
elasticsearch-hadoop,org.elasticsearch.hadoop.serialization,JdkValueReaderTest,0,0,0,0,2,0,0,2,-1.0,0,0
elasticsearch-hadoop,org.elasticsearch.hadoop.serialization,JsonIdTest,1,0,3,3,14,3,0,0,0.0,0,2
elasticsearch-hadoop,org.elasticsearch.hadoop.serialization,JsonPathTest,2,0,11,11,53,11,0,0,0.0,0,2
elasticsearch-hadoop,org.elasticsearch.hadoop.serialization,JsonValuePathTest,1,0,11,11,65,11,0,0,0.0,0,3
elasticsearch-hadoop,org.elasticsearch.hadoop.serialization,ScrollReaderJsonTest,5,0,13,10,162,18,0,0,0.15384615384615385,0,4
elasticsearch-hadoop,org.elasticsearch.hadoop.serialization,ScrollReaderTest,4,0,34,29,466,36,0,0,0.2647058823529412,0,19
elasticsearch-hadoop,org.elasticsearch.hadoop.serialization,ExceptionThrowingHandler,0,0,1,1,8,1,0,0,-1.0,1,2
elasticsearch-hadoop,org.elasticsearch.hadoop.serialization,AbortingExceptionThrowingHandler,0,0,1,1,8,1,0,0,-1.0,1,2
elasticsearch-hadoop,org.elasticsearch.hadoop.serialization,NeverSurrenderHandler,0,0,1,1,8,1,0,0,-1.0,1,2
elasticsearch-hadoop,org.elasticsearch.hadoop.serialization,NothingToSeeHereHandler,0,0,1,1,8,1,0,0,-1.0,1,2
elasticsearch-hadoop,org.elasticsearch.hadoop.serialization,MarcoHandler,0,0,1,1,8,1,0,0,-1.0,1,2
elasticsearch-hadoop,org.elasticsearch.hadoop.serialization,PoloHandler,0,0,1,1,11,2,0,0,-1.0,1,2
elasticsearch-hadoop,org.elasticsearch.hadoop.serialization,CorrectingHandler,0,0,1,1,9,1,0,0,-1.0,1,2
elasticsearch-hadoop,org.elasticsearch.hadoop.serialization,ValueReaderTest,1,0,4,4,17,4,0,0,0.0,0,2
elasticsearch-hadoop,org.elasticsearch.hadoop.serialization,WritableTypeToJsonTest,1,0,21,20,70,21,0,0,0.0,0,3
elasticsearch-hadoop,org.elasticsearch.hadoop.serialization,WritableValueReaderTest,0,0,11,11,35,11,0,1,-1.0,0,0
elasticsearch-hadoop,org.elasticsearch.hadoop.serialization,AbstractValueReaderTest,1,1,28,24,94,37,2,0,0.0,1,4
elasticsearch-hadoop,org.elasticsearch.hadoop.serialization,BaseValueReaderTest,0,0,12,12,42,12,1,1,-1.0,0,1
elasticsearch-hadoop,org.elasticsearch.hadoop.serialization,JsonUtils,4,0,12,9,117,21,0,0,0.3333333333333333,4,4
elasticsearch-hadoop,org.elasticsearch.hadoop.serialization,Query,3,0,6,4,81,15,0,0,0.0,2,2
elasticsearch-hadoop,org.elasticsearch.hadoop.integration.mr,AbstractExtraMRTests,4,0,11,9,106,11,0,0,0.2727272727272727,0,15
elasticsearch-hadoop,org.elasticsearch.hadoop.integration.mr,TabMapper,0,0,1,1,11,1,0,0,-1.0,3,1
elasticsearch-hadoop,org.elasticsearch.hadoop.integration.mr,AbstractMRNewApiSaveTest,3,0,24,21,258,33,0,0,0.125,0,16
elasticsearch-hadoop,org.elasticsearch.hadoop.integration.mr,TabMapper,0,0,1,0,22,5,0,0,-1.0,0,1
elasticsearch-hadoop,org.elasticsearch.hadoop.integration.mr,AbstractMRNewApiSearchTest,7,1,13,12,90,13,0,0,0.0,0,13
elasticsearch-hadoop,org.elasticsearch.hadoop.integration.mr,AbstractMROldApiSaveTest,3,0,36,34,388,48,0,0,0.1388888888888889,0,18
elasticsearch-hadoop,org.elasticsearch.hadoop.integration.mr,TabMapper,0,0,1,1,23,5,0,0,-1.0,0,1
elasticsearch-hadoop,org.elasticsearch.hadoop.integration.mr,ConstantMapper,0,0,1,1,7,1,0,0,-1.0,1,0
elasticsearch-hadoop,org.elasticsearch.hadoop.integration.mr,SplittableTextInputFormat,0,0,1,1,5,1,0,0,-1.0,2,0
elasticsearch-hadoop,org.elasticsearch.hadoop.integration.mr,AbstractMROldApiSearchTest,7,1,16,15,110,16,0,0,0.0,0,14
elasticsearch-hadoop,org.elasticsearch.hadoop.integration.mr,MRSuite,2,2,1,1,8,1,0,0,0.0,4,2
elasticsearch-hadoop,org.elasticsearch.hadoop.integration.rest,AbstractRestQueryTest,4,0,4,4,42,5,0,0,0.0,0,13
elasticsearch-hadoop,org.elasticsearch.hadoop.integration.rest,AbstractRestSaveTest,1,0,13,13,149,16,0,0,0.3076923076923077,0,16
elasticsearch-hadoop,org.elasticsearch.hadoop.integration.rest,RestSuite,1,1,0,0,3,0,0,0,-1.0,0,0
elasticsearch-hadoop,org.elasticsearch.hadoop.integration.rest.ssl,SSLTests,7,2,6,4,59,6,0,0,0.0,0,8
elasticsearch-hadoop,org.elasticsearch.hadoop,ProvisionerTest,0,0,1,1,5,1,0,0,-1.0,0,2
elasticsearch-hadoop,org.elasticsearch.hadoop,VersionTest,1,1,6,3,86,9,0,0,0.5,0,2
elasticsearch-hadoop,org.elasticsearch.hadoop,EsHadoopException,0,0,4,4,17,4,3,0,-1.0,7,0
elasticsearch-hadoop,org.elasticsearch.hadoop,EsHadoopIllegalArgumentException,0,0,4,4,14,4,0,1,-1.0,2,0
elasticsearch-hadoop,org.elasticsearch.hadoop,EsHadoopIllegalStateException,0,0,4,4,14,4,0,1,-1.0,0,0
elasticsearch-hadoop,org.elasticsearch.hadoop,EsHadoopUnsupportedOperationException,0,0,4,4,17,4,0,1,-1.0,0,0
elasticsearch-hadoop,org.elasticsearch.hadoop,EsAssume,0,0,4,3,19,4,0,0,-1.0,15,2
elasticsearch-hadoop,org.elasticsearch.hadoop,HdpBootstrap,1,0,4,4,70,13,0,0,0.75,18,7
elasticsearch-hadoop,org.elasticsearch.hadoop,NullPrintStream,0,0,5,5,15,5,0,0,-1.0,0,0
elasticsearch-hadoop,org.elasticsearch.hadoop,NullOutputStream,0,0,1,1,4,1,0,0,-1.0,0,0
elasticsearch-hadoop,org.elasticsearch.hadoop,Provisioner,3,3,3,1,53,7,0,0,0.6666666666666666,7,2
elasticsearch-hadoop,org.elasticsearch.hadoop,QueryTestParams,4,0,8,7,54,10,0,0,0.25,0,5
elasticsearch-hadoop,org.elasticsearch.hadoop,TestData,6,5,18,17,90,23,0,0,0.0,6,2
elasticsearch-hadoop,org.elasticsearch.hadoop.rest.commonshttp.auth.spnego,AbstractHadoopUserKerberosTest,1,0,3,3,18,3,0,0,0.6666666666666666,0,3
elasticsearch-hadoop,org.elasticsearch.hadoop.rest.commonshttp.auth.spnego,AbstractSpnegoAuthSchemeTest,3,0,12,9,175,27,0,0,0.6666666666666666,0,6
elasticsearch-hadoop,org.elasticsearch.hadoop.rest.commonshttp.auth.spnego,TestScheme,2,0,2,0,21,5,0,1,0.0,0,0
elasticsearch-hadoop,org.elasticsearch.hadoop.rest.commonshttp.auth.spnego,TestMethod,0,0,2,1,8,2,0,0,-1.0,1,0
elasticsearch-hadoop,org.elasticsearch.hadoop.rest.commonshttp.auth.spnego,AbstractSpnegoNegotiatorTest,1,0,26,25,221,39,0,0,0.6923076923076923,1,4
elasticsearch-hadoop,org.elasticsearch.hadoop.rest.commonshttp.auth.spnego,KerberosSuite,8,5,3,3,21,3,0,0,0.6666666666666666,3,3
elasticsearch-hadoop,org.elasticsearch.hadoop.rest.commonshttp.auth.spnego,SpnegoAuthScheme,3,0,15,11,159,26,1,0,0.3333333333333333,3,5
elasticsearch-hadoop,org.elasticsearch.hadoop.rest.commonshttp.auth.spnego,SpnegoCredentials,2,0,3,3,14,3,0,0,0.0,1,1
elasticsearch-hadoop,org.elasticsearch.hadoop.rest.commonshttp.auth.spnego,SpnegoNegotiator,7,0,6,6,63,11,0,0,0.0,3,2
elasticsearch-hadoop,org.elasticsearch.hadoop.rest.pooling,AbstractTransportPoolTest,0,0,3,3,72,8,0,0,-1.0,0,5
elasticsearch-hadoop,org.elasticsearch.hadoop.rest.pooling,PoolingSuite,1,1,0,0,3,0,0,0,-1.0,0,0
elasticsearch-hadoop,org.elasticsearch.hadoop.rest.pooling,PooledHttpTransportFactory,3,0,6,1,88,13,0,0,0.0,1,4
elasticsearch-hadoop,org.elasticsearch.hadoop.rest.pooling,PooledTransportManager,4,0,3,2,52,8,0,0,0.6666666666666666,1,3
elasticsearch-hadoop,org.elasticsearch.hadoop.rest.pooling,PoolCleaner,2,0,1,1,20,3,0,0,0.0,0,0
elasticsearch-hadoop,org.elasticsearch.hadoop.rest.pooling,TransportPool,14,0,16,5,212,32,0,0,0.1875,4,11
elasticsearch-hadoop,org.elasticsearch.hadoop.rest.pooling,LeasedTransport,4,0,4,3,35,7,0,0,0.0,1,4
elasticsearch-hadoop,org.elasticsearch.hadoop.rest.pooling,PooledTransport,0,0,1,0,6,1,1,0,-1.0,2,0
elasticsearch-hadoop,org.elasticsearch.hadoop.rest.pooling,PooledCommonsHttpTransport,1,0,3,2,16,3,0,1,0.6666666666666666,0,2
elasticsearch-hadoop,org.elasticsearch.hadoop.cfg,CompositeSettings,2,0,7,6,61,13,0,1,0.0,2,1
elasticsearch-hadoop,org.elasticsearch.hadoop.cfg,ConfigurationOptions,187,0,0,0,294,0,1,0,-1.0,43,0
elasticsearch-hadoop,org.elasticsearch.hadoop.cfg,FilteredSettings,2,0,7,5,49,12,0,1,0.0,0,1
elasticsearch-hadoop,org.elasticsearch.hadoop.cfg,HadoopSettings,1,0,6,6,29,6,0,1,0.0,0,4
elasticsearch-hadoop,org.elasticsearch.hadoop.cfg,HadoopSettingsManager,1,0,3,3,32,5,0,1,0.6666666666666666,12,2
elasticsearch-hadoop,org.elasticsearch.hadoop.cfg,FromHadoopConfiguration,0,0,1,1,5,1,0,0,-1.0,1,0
elasticsearch-hadoop,org.elasticsearch.hadoop.cfg,InternalConfigurationOptions,10,0,0,0,15,0,0,1,-1.0,5,0
elasticsearch-hadoop,org.elasticsearch.hadoop.cfg,PropertiesSettings,1,0,8,8,31,8,0,1,0.5,5,3
elasticsearch-hadoop,org.elasticsearch.hadoop.cfg,Settings,0,0,152,149,584,173,6,0,-1.0,102,10
elasticsearch-hadoop,org.elasticsearch.hadoop.cfg,SettingsManager,0,0,1,0,3,1,1,0,-1.0,0,0
elasticsearch-hadoop,org.elasticsearch.hadoop.cfg,SettingsView,2,0,7,5,39,9,0,1,0.2857142857142857,0,1
elasticsearch-hadoop,org.elasticsearch.hadoop.cfg,CompositeSettingsTest,0,0,4,4,89,4,0,0,-1.0,0,1
elasticsearch-hadoop,org.elasticsearch.hadoop.cfg,FilteredSettingsTest,0,0,4,4,47,4,0,0,-1.0,0,1
elasticsearch-hadoop,org.elasticsearch.hadoop.cfg,SettingsTest,1,0,6,6,30,6,0,0,0.8333333333333334,0,1
elasticsearch-hadoop,org.elasticsearch.hadoop.cfg,TestSettings,1,0,5,5,18,5,0,1,0.8,12,0
elasticsearch-hadoop,org.elasticsearch.hadoop.cfg,SettingsViewTest,0,0,5,5,50,5,0,0,-1.0,0,1
elasticsearch-hadoop,org.elasticsearch.hadoop.cli,ConsolePrompt,1,0,7,7,38,9,0,1,0.5714285714285714,0,0
elasticsearch-hadoop,org.elasticsearch.hadoop.cli,Keytool,12,0,14,6,244,43,1,0,0.14285714285714285,3,3
elasticsearch-hadoop,org.elasticsearch.hadoop.cli,Prompt,0,0,6,0,8,6,2,0,-1.0,3,0
elasticsearch-hadoop,org.elasticsearch.hadoop.cli,KeytoolTest,3,0,33,28,281,33,0,0,0.06060606060606061,1,7
elasticsearch-hadoop,org.elasticsearch.hadoop.cli,KeytoolHarness,2,0,5,1,23,5,0,1,0.0,1,3
elasticsearch-hadoop,org.elasticsearch.hadoop.cli,TestPrompt,2,0,9,6,36,10,0,1,0.2222222222222222,1,0
elasticsearch-hadoop,org.elasticsearch.hadoop.handler,ErrorCollector,0,0,3,3,22,3,0,0,-1.0,20,0
elasticsearch-hadoop,org.elasticsearch.hadoop.handler,ErrorHandler,0,0,3,0,22,3,0,0,-1.0,6,0
elasticsearch-hadoop,org.elasticsearch.hadoop.handler,EsHadoopAbortHandlerException,0,0,2,2,11,2,0,0,-1.0,0,0
elasticsearch-hadoop,org.elasticsearch.hadoop.handler,Exceptional,0,0,2,0,13,2,0,0,-1.0,0,0
elasticsearch-hadoop,org.elasticsearch.hadoop.handler,HandlerLoader,0,0,1,0,7,1,0,0,-1.0,1,0
elasticsearch-hadoop,org.elasticsearch.hadoop.handler.impl,AbortOnFailure,0,0,4,4,12,4,0,0,-1.0,3,0
elasticsearch-hadoop,org.elasticsearch.hadoop.handler.impl,AbstractHandlerLoader,4,0,8,3,80,16,0,0,0.0,3,5
elasticsearch-hadoop,org.elasticsearch.hadoop.handler.impl,BaseExceptional,2,0,3,3,17,3,0,0,0.0,0,0
elasticsearch-hadoop,org.elasticsearch.hadoop.handler.impl,DropAndLog,7,3,5,5,91,22,0,0,0.4,4,1
elasticsearch-hadoop,org.elasticsearch.hadoop.handler.impl,LogRenderer,0,0,2,2,19,4,0,0,-1.0,1,0
elasticsearch-hadoop,org.elasticsearch.hadoop.handler.impl,PreloadedHandlerLoader,1,0,2,2,13,2,0,0,0.0,0,0
elasticsearch-hadoop,org.elasticsearch.hadoop.handler.impl.elasticsearch,BaseEventConverter,2,0,8,8,77,12,0,1,0.0,0,3
elasticsearch-hadoop,org.elasticsearch.hadoop.handler.impl.elasticsearch,ElasticsearchHandler,25,12,11,5,154,25,0,0,0.0,3,19
elasticsearch-hadoop,org.elasticsearch.hadoop.handler.impl.elasticsearch,EventConverter,0,0,2,0,16,2,1,0,-1.0,1,2
elasticsearch-hadoop,org.elasticsearch.hadoop.mr.compat,CompatHandler,0,0,9,8,35,10,0,0,-1.0,5,0
elasticsearch-hadoop,org.elasticsearch.hadoop.mr.compat,CompatProxy,0,0,0,0,5,0,0,0,-1.0,0,0
elasticsearch-hadoop,org.elasticsearch.hadoop.mr.compat,Counter,0,0,1,0,3,1,0,0,-1.0,1,0
elasticsearch-hadoop,org.elasticsearch.hadoop.mr.compat,CounterGroup,0,0,0,0,2,0,0,0,-1.0,0,0
elasticsearch-hadoop,org.elasticsearch.hadoop.mr.compat,JobContext,0,0,1,0,3,1,0,0,-1.0,5,0
elasticsearch-hadoop,org.elasticsearch.hadoop.mr.compat,MapContext,0,0,0,0,2,0,0,0,-1.0,0,0
elasticsearch-hadoop,org.elasticsearch.hadoop.mr.compat,ReduceContext,0,0,0,0,2,0,0,0,-1.0,0,0
elasticsearch-hadoop,org.elasticsearch.hadoop.mr.compat,ReflectiveInvoker,1,0,3,3,14,3,0,0,0.0,0,2
elasticsearch-hadoop,org.elasticsearch.hadoop.mr.compat,TaskAttemptContext,0,0,2,0,4,2,0,0,-1.0,8,0
elasticsearch-hadoop,org.elasticsearch.hadoop.mr.compat,TaskInputOutputContext,0,0,1,0,3,1,0,0,-1.0,1,0
elasticsearch-hadoop,org.elasticsearch.hadoop.mr,EsInputFormat,14,0,41,33,242,58,0,0,0.5609756097560976,5,20
elasticsearch-hadoop,org.elasticsearch.hadoop.mr,EsInputSplit,1,0,8,8,26,8,0,0,0.375,3,1
elasticsearch-hadoop,org.elasticsearch.hadoop.mr,EsInputRecordReader,11,0,15,12,128,28,1,0,0.13333333333333333,0,19
elasticsearch-hadoop,org.elasticsearch.hadoop.mr,AbstractWritableEsInputRecordReader,0,0,4,3,17,5,2,1,-1.0,0,0
elasticsearch-hadoop,org.elasticsearch.hadoop.mr,WritableEsInputRecordReader,1,0,5,3,24,6,0,2,0.8,0,2
elasticsearch-hadoop,org.elasticsearch.hadoop.mr,JsonWritableEsInputRecordReader,0,0,4,3,17,5,0,2,-1.0,0,0
elasticsearch-hadoop,org.elasticsearch.hadoop.mr,EsMapReduceUtil,1,0,3,2,73,9,0,0,0.6666666666666666,2,10
elasticsearch-hadoop,org.elasticsearch.hadoop.mr,EsOutputFormat,9,0,25,21,136,36,0,0,0.68,7,18
elasticsearch-hadoop,org.elasticsearch.hadoop.mr,EsOutputCommitter,0,0,6,6,15,6,0,0,-1.0,0,2
elasticsearch-hadoop,org.elasticsearch.hadoop.mr,EsOldAPIOutputCommitter,0,0,6,6,15,6,0,0,-1.0,0,0
elasticsearch-hadoop,org.elasticsearch.hadoop.mr,EsRecordWriter,7,0,7,4,67,15,0,0,0.0,0,15
elasticsearch-hadoop,org.elasticsearch.hadoop.mr,HadoopCfgUtils,0,0,25,20,123,35,0,0,-1.0,17,3
elasticsearch-hadoop,org.elasticsearch.hadoop.mr,HadoopIOUtils,1,0,1,1,41,10,0,0,0.0,2,1
elasticsearch-hadoop,org.elasticsearch.hadoop.mr,HeartBeat,5,0,4,1,55,11,0,0,0.0,4,3
elasticsearch-hadoop,org.elasticsearch.hadoop.mr,LinkedMapWritable,1,0,19,19,179,34,0,0,0.21052631578947367,8,1
elasticsearch-hadoop,org.elasticsearch.hadoop.mr,MultiOutputFormat,7,1,27,23,163,50,0,0,0.1111111111111111,2,4
elasticsearch-hadoop,org.elasticsearch.hadoop.mr,MultiNewRecordWriter,1,0,3,3,16,5,0,0,0.0,0,1
elasticsearch-hadoop,org.elasticsearch.hadoop.mr,MultiOldRecordWriter,1,0,3,3,16,5,0,0,0.0,0,0
elasticsearch-hadoop,org.elasticsearch.hadoop.mr,MultiNewOutputCommitter,1,0,6,5,33,11,0,0,0.0,0,2
elasticsearch-hadoop,org.elasticsearch.hadoop.mr,MultiOldOutputCommitter,1,0,7,6,38,13,0,0,0.0,0,0
elasticsearch-hadoop,org.elasticsearch.hadoop.mr,ReportingUtils,0,0,3,0,40,10,0,0,-1.0,5,5
elasticsearch-hadoop,org.elasticsearch.hadoop.mr,SafeWritableConverter,0,0,2,2,28,4,0,0,-1.0,1,1
elasticsearch-hadoop,org.elasticsearch.hadoop.mr,WritableArrayWritable,1,0,7,6,42,8,0,0,0.8571428571428571,1,1
elasticsearch-hadoop,org.elasticsearch.hadoop.mr,WritableBytesConverter,1,0,1,1,22,3,0,0,0.0,4,2
elasticsearch-hadoop,org.elasticsearch.hadoop.mr,WritableCompatUtil,2,0,4,4,39,5,0,0,0.75,3,0
elasticsearch-hadoop,org.elasticsearch.hadoop.mr,WritableValueReader,0,0,21,3,126,43,0,0,-1.0,2,1
elasticsearch-hadoop,org.elasticsearch.hadoop.mr,WritableValueWriter,1,0,4,3,92,26,0,0,0.0,3,3
elasticsearch-hadoop,org.elasticsearch.hadoop.mr,LinkedMapWritableTest,0,0,2,2,26,2,0,0,-1.0,0,3
elasticsearch-hadoop,org.elasticsearch.hadoop.mr,WritableBytesConverterTests,0,0,5,5,49,5,0,0,-1.0,0,2
elasticsearch-hadoop,org.elasticsearch.hadoop.mr,PrintStreamOutputFormat,1,0,11,11,38,11,0,0,0.5454545454545454,5,2
elasticsearch-hadoop,org.elasticsearch.hadoop.mr,PrintStreamRecordWriter,0,0,3,3,11,3,0,0,-1.0,0,1
elasticsearch-hadoop,org.elasticsearch.hadoop.mr.security,EsTokenIdentifier,1,1,8,7,72,12,0,0,0.5,5,10
elasticsearch-hadoop,org.elasticsearch.hadoop.mr.security,Renewer,0,0,6,5,48,10,0,0,-1.0,0,9
elasticsearch-hadoop,org.elasticsearch.hadoop.mr.security,HadoopRealUserProvider,1,0,1,1,38,7,0,0,0.0,0,0
elasticsearch-hadoop,org.elasticsearch.hadoop.mr.security,HadoopUser,2,0,11,11,82,17,0,0,0.0,0,5
elasticsearch-hadoop,org.elasticsearch.hadoop.mr.security,HadoopUserProvider,0,0,3,3,24,3,0,0,-1.0,14,2
elasticsearch-hadoop,org.elasticsearch.hadoop.mr.security,TokenUtil,2,1,11,7,144,21,0,0,0.0,3,7
elasticsearch-hadoop,org.elasticsearch.hadoop.mr.security,EsTokenIdentifierTest,0,0,1,1,11,3,0,0,-1.0,0,1
elasticsearch-hadoop,org.elasticsearch.hadoop.mr.security,HadoopUserTest,0,0,3,3,58,4,0,0,-1.0,0,5
elasticsearch-hadoop,org.elasticsearch.hadoop.rest.bulk,BulkProcessor,18,0,12,7,392,59,0,0,0.0,2,19
elasticsearch-hadoop,org.elasticsearch.hadoop.rest.bulk,BulkAttempt,2,0,1,1,11,1,0,0,0.0,1,0
elasticsearch-hadoop,org.elasticsearch.hadoop.rest.bulk,BulkResponse,12,0,18,17,96,18,0,0,0.1111111111111111,4,4
elasticsearch-hadoop,org.elasticsearch.hadoop.rest.bulk,BulkError,4,0,5,5,30,5,0,0,0.0,0,2
elasticsearch-hadoop,org.elasticsearch.hadoop.rest.bulk,BulkOutputGenerator,0,0,5,5,10,5,0,0,-1.0,1,1
elasticsearch-hadoop,org.elasticsearch.hadoop.rest.bulk,BulkProcessorTest,6,0,36,31,428,41,0,0,0.25,4,27
elasticsearch-hadoop,org.elasticsearch.hadoop.rest.bulk,ComplicatedRetryHandler,1,0,1,1,36,5,0,0,0.0,1,3
elasticsearch-hadoop,org.elasticsearch.hadoop.rest.bulk,IncrementingHandler,0,0,1,1,11,1,0,0,-1.0,1,3
elasticsearch-hadoop,org.elasticsearch.hadoop.rest.bulk,ExceptionThrowingHandler,0,0,1,1,8,1,0,0,-1.0,1,2
elasticsearch-hadoop,org.elasticsearch.hadoop.rest.bulk,AbortingExceptionThrowingHandler,0,0,1,1,8,1,0,0,-1.0,1,2
elasticsearch-hadoop,org.elasticsearch.hadoop.rest.bulk,NeverSurrenderHandler,0,0,1,1,8,1,0,0,-1.0,1,2
elasticsearch-hadoop,org.elasticsearch.hadoop.rest.bulk,NewlineDroppingHandler,0,0,1,1,11,1,0,0,-1.0,1,3
elasticsearch-hadoop,org.elasticsearch.hadoop.rest.bulk,GarbageHandler,0,0,1,1,6,1,0,0,-1.0,1,2
elasticsearch-hadoop,org.elasticsearch.hadoop.rest.bulk,StillGarbageHandler,0,0,1,1,6,1,0,0,-1.0,1,2
elasticsearch-hadoop,org.elasticsearch.hadoop.rest.bulk.handler,BulkWriteErrorCollector,4,0,10,10,71,15,0,1,0.0,2,0
elasticsearch-hadoop,org.elasticsearch.hadoop.rest.bulk.handler,BulkWriteErrorHandler,0,0,3,3,10,3,0,1,-1.0,1,2
elasticsearch-hadoop,org.elasticsearch.hadoop.rest.bulk.handler,BulkWriteFailure,3,0,4,4,33,4,0,0,0.0,16,1
elasticsearch-hadoop,org.elasticsearch.hadoop.rest.bulk.handler,DelayableErrorCollector,0,0,2,2,20,2,1,0,-1.0,12,0
elasticsearch-hadoop,org.elasticsearch.hadoop.rest.bulk.handler,IBulkWriteErrorHandler,0,0,0,0,2,0,1,0,-1.0,0,0
elasticsearch-hadoop,org.elasticsearch.hadoop.rest.bulk.handler,BulkWriteErrorCollectorTest,1,0,6,6,45,6,0,0,0.0,0,1
elasticsearch-hadoop,org.elasticsearch.hadoop.rest.bulk.handler.impl,BulkErrorEventConverter,0,0,2,2,14,2,0,0,-1.0,1,2
elasticsearch-hadoop,org.elasticsearch.hadoop.rest.bulk.handler.impl,BulkLogRenderer,0,0,1,1,5,1,0,0,-1.0,0,1
elasticsearch-hadoop,org.elasticsearch.hadoop.rest.bulk.handler.impl,BulkWriteHandlerLoader,2,2,4,1,33,7,0,0,1.0,2,5
elasticsearch-hadoop,org.elasticsearch.hadoop.rest.bulk.handler.impl,DelegatingErrorHandler,1,0,4,3,15,4,0,0,0.0,0,3
elasticsearch-hadoop,org.elasticsearch.hadoop.rest.bulk.handler.impl,HttpRetryHandler,3,0,3,3,38,7,0,0,0.6666666666666666,0,9
elasticsearch-hadoop,org.elasticsearch.hadoop.rest.bulk.handler.impl,BulkErrorEventConverterTest,0,0,1,1,31,1,0,0,-1.0,0,5
elasticsearch-hadoop,org.elasticsearch.hadoop.rest.commonshttp.auth.bearer,EsApiKeyAuthScheme,1,0,10,9,64,12,0,0,0.6,1,4
elasticsearch-hadoop,org.elasticsearch.hadoop.rest.commonshttp.auth.bearer,EsApiKeyCredentials,3,0,3,3,34,5,0,0,0.0,1,4
elasticsearch-hadoop,org.elasticsearch.hadoop.rest.commonshttp.auth,EsHadoopAuthPolicies,3,2,1,1,12,2,0,0,0.0,4,2
elasticsearch-hadoop,org.elasticsearch.hadoop.rest.commonshttp,BytesArrayRequestEntity,1,0,5,5,21,5,0,0,0.6,0,1
elasticsearch-hadoop,org.elasticsearch.hadoop.rest.commonshttp,CommonsHttpTransport,21,0,25,14,556,106,0,0,0.12,3,17
elasticsearch-hadoop,org.elasticsearch.hadoop.rest.commonshttp,ResponseInputStream,2,0,5,5,33,6,0,0,0.6,0,0
elasticsearch-hadoop,org.elasticsearch.hadoop.rest.commonshttp,SocketTrackingConnectionManager,0,0,2,2,16,4,0,0,-1.0,0,0
elasticsearch-hadoop,org.elasticsearch.hadoop.rest.commonshttp,CommonsHttpTransportFactory,1,0,1,1,12,2,0,0,0.0,0,2
elasticsearch-hadoop,org.elasticsearch.hadoop.rest.commonshttp,DelegatedProtocol,1,0,4,2,19,4,0,0,0.0,1,0
elasticsearch-hadoop,org.elasticsearch.hadoop.rest.commonshttp,DeleteMethodWithBody,0,0,3,3,10,3,0,0,-1.0,0,0
elasticsearch-hadoop,org.elasticsearch.hadoop.rest.commonshttp,GetMethodWithBody,0,0,3,3,12,3,0,0,-1.0,0,0
elasticsearch-hadoop,org.elasticsearch.hadoop.rest.commonshttp,ProtocolAwareHostConfiguration,0,0,4,3,21,6,0,0,-1.0,0,0
elasticsearch-hadoop,org.elasticsearch.hadoop.rest.commonshttp,SocksSocketFactory,2,0,5,2,35,6,0,0,0.6,2,2
elasticsearch-hadoop,org.elasticsearch.hadoop.rest.commonshttp,SSLSocketFactory,11,0,18,10,162,29,0,0,0.3333333333333333,2,7
elasticsearch-hadoop,org.elasticsearch.hadoop.rest.commonshttp,TrustManagerDelegate,2,0,4,3,20,5,0,0,0.0,0,1
elasticsearch-hadoop,org.elasticsearch.hadoop.rest.commonshttp,TrustStrategy,0,0,1,0,3,1,1,0,-1.0,2,0
elasticsearch-hadoop,org.elasticsearch.hadoop.rest.commonshttp,SelfSignedStrategy,0,0,1,1,5,1,0,1,-1.0,0,0
elasticsearch-hadoop,org.elasticsearch.hadoop.rest.commonshttp,CommonsHttpTransportTests,2,1,8,7,61,8,0,0,0.625,0,6
elasticsearch-hadoop,org.elasticsearch.hadoop.rest,DelegatingInputStream,2,0,16,16,66,21,0,0,0.0,0,1
elasticsearch-hadoop,org.elasticsearch.hadoop.rest,ErrorExtractor,1,0,5,5,87,18,0,0,0.4,3,4
elasticsearch-hadoop,org.elasticsearch.hadoop.rest,ErrorUtils,7,0,3,0,67,12,0,0,0.0,3,3
elasticsearch-hadoop,org.elasticsearch.hadoop.rest,EsHadoopInvalidRequest,0,0,4,4,16,4,0,0,-1.0,0,0
elasticsearch-hadoop,org.elasticsearch.hadoop.rest,EsHadoopNoNodesLeftException,1,0,4,3,20,4,0,1,0.0,2,1
elasticsearch-hadoop,org.elasticsearch.hadoop.rest,EsHadoopParsingException,0,0,4,4,16,4,0,0,-1.0,0,0
elasticsearch-hadoop,org.elasticsearch.hadoop.rest,EsHadoopRemoteException,2,0,6,6,35,8,0,0,0.5,2,0
elasticsearch-hadoop,org.elasticsearch.hadoop.rest,EsHadoopTransportException,0,0,4,4,17,4,1,0,-1.0,0,0
elasticsearch-hadoop,org.elasticsearch.hadoop.rest,HeaderProcessor,6,0,11,7,104,22,0,0,0.36363636363636365,2,2
elasticsearch-hadoop,org.elasticsearch.hadoop.rest,HttpRetryPolicy,0,0,1,0,3,1,2,0,-1.0,2,0
elasticsearch-hadoop,org.elasticsearch.hadoop.rest,HttpStatus,69,68,8,7,168,9,0,0,0.875,6,0
elasticsearch-hadoop,org.elasticsearch.hadoop.rest,InitializationUtils,1,0,22,21,392,86,0,0,0.7727272727272727,21,14
elasticsearch-hadoop,org.elasticsearch.hadoop.rest,NetworkClient,10,0,10,7,114,24,0,0,0.0,4,12
elasticsearch-hadoop,org.elasticsearch.hadoop.rest,NetworkUtils,0,0,4,0,39,10,0,0,-1.0,2,1
elasticsearch-hadoop,org.elasticsearch.hadoop.rest,NoHttpRetryPolicy,0,0,2,2,10,2,0,1,-1.0,2,0
elasticsearch-hadoop,org.elasticsearch.hadoop.rest,NoRetry,0,0,1,1,5,1,0,1,-1.0,0,0
elasticsearch-hadoop,org.elasticsearch.hadoop.rest,PartitionDefinition,10,2,25,23,193,45,0,0,0.08,8,7
elasticsearch-hadoop,org.elasticsearch.hadoop.rest,PartitionDefinitionBuilder,2,0,5,4,19,5,0,0,0.0,1,4
elasticsearch-hadoop,org.elasticsearch.hadoop.rest,Slice,2,2,4,4,27,8,0,0,0.0,4,1
elasticsearch-hadoop,org.elasticsearch.hadoop.rest,Request,0,0,5,0,8,5,1,0,-1.0,14,0
elasticsearch-hadoop,org.elasticsearch.hadoop.rest,Resource,7,1,9,6,114,24,0,0,0.0,17,5
elasticsearch-hadoop,org.elasticsearch.hadoop.rest,Response,0,0,12,0,19,12,1,0,-1.0,4,0
elasticsearch-hadoop,org.elasticsearch.hadoop.rest,RestClient,16,0,61,39,630,123,1,0,0.13114754098360656,21,35
elasticsearch-hadoop,org.elasticsearch.hadoop.rest,BulkActionResponse,3,0,4,4,19,4,0,0,0.0,0,0
elasticsearch-hadoop,org.elasticsearch.hadoop.rest,RestRepository,13,0,31,23,351,70,0,0,0.06451612903225806,14,27
elasticsearch-hadoop,org.elasticsearch.hadoop.rest,Resources,3,0,3,3,24,7,0,0,0.0,1,3
elasticsearch-hadoop,org.elasticsearch.hadoop.rest,RestService,17,7,23,12,594,115,0,0,0.2608695652173913,11,34
elasticsearch-hadoop,org.elasticsearch.hadoop.rest,PartitionReader,5,3,3,2,27,6,0,0,0.0,4,4
elasticsearch-hadoop,org.elasticsearch.hadoop.rest,PartitionWriter,5,4,2,1,19,3,0,0,0.0,2,2
elasticsearch-hadoop,org.elasticsearch.hadoop.rest,MultiReaderIterator,7,0,6,4,66,15,0,0,0.3333333333333333,0,4
elasticsearch-hadoop,org.elasticsearch.hadoop.rest,Retry,0,0,1,0,3,1,2,0,-1.0,1,0
elasticsearch-hadoop,org.elasticsearch.hadoop.rest,ReusableInputStream,0,0,1,0,6,1,0,0,-1.0,0,0
elasticsearch-hadoop,org.elasticsearch.hadoop.rest,ScrollQuery,13,0,10,9,112,19,0,0,0.2,7,6
elasticsearch-hadoop,org.elasticsearch.hadoop.rest,SearchRequestBuilder,19,0,26,23,251,52,0,0,0.0,8,15
elasticsearch-hadoop,org.elasticsearch.hadoop.rest,Slice,2,0,1,0,8,1,0,0,0.0,0,0
elasticsearch-hadoop,org.elasticsearch.hadoop.rest,SimpleHttpRetryPolicy,0,0,3,3,21,6,0,1,-1.0,2,2
elasticsearch-hadoop,org.elasticsearch.hadoop.rest,SimpleRetry,0,0,1,1,14,4,0,1,-1.0,0,1
elasticsearch-hadoop,org.elasticsearch.hadoop.rest,SimpleRequest,5,0,12,12,78,21,0,1,0.0,5,3
elasticsearch-hadoop,org.elasticsearch.hadoop.rest,SimpleResponse,4,0,14,14,57,16,0,1,0.0,0,1
elasticsearch-hadoop,org.elasticsearch.hadoop.rest,Transport,0,0,2,0,4,2,0,0,-1.0,4,1
elasticsearch-hadoop,org.elasticsearch.hadoop.rest,TransportFactory,0,0,1,0,12,1,0,0,-1.0,2,2
elasticsearch-hadoop,org.elasticsearch.hadoop.rest,ApplyAliasMetaDataTest,2,0,6,6,148,14,0,0,0.0,0,5
elasticsearch-hadoop,org.elasticsearch.hadoop.rest,ErrorExtractorTest,0,0,5,4,43,6,0,0,-1.0,0,4
elasticsearch-hadoop,org.elasticsearch.hadoop.rest,ErrorUtilsTest,0,0,2,2,11,2,0,0,-1.0,0,2
elasticsearch-hadoop,org.elasticsearch.hadoop.rest,FindPartitionsTest,3,0,3,3,87,9,0,0,0.0,0,5
elasticsearch-hadoop,org.elasticsearch.hadoop.rest,HeaderProcessorTest,0,0,6,5,41,6,0,0,-1.0,1,3
elasticsearch-hadoop,org.elasticsearch.hadoop.rest,InitializationUtilsTest,0,0,17,17,108,17,0,0,-1.0,0,3
elasticsearch-hadoop,org.elasticsearch.hadoop.rest,NetworkClientTest,0,0,2,2,33,2,0,0,-1.0,0,7
elasticsearch-hadoop,org.elasticsearch.hadoop.rest,PartitionDefinitionTest,0,0,11,5,110,11,0,0,-1.0,1,9
elasticsearch-hadoop,org.elasticsearch.hadoop.rest,QueryBuilderTestUtils,0,0,1,1,17,3,0,0,-1.0,0,3
elasticsearch-hadoop,org.elasticsearch.hadoop.rest,QueryTest,2,0,8,8,36,8,0,0,0.0,0,4
elasticsearch-hadoop,org.elasticsearch.hadoop.rest,ResourceTest,2,0,32,28,196,32,0,0,0.09375,0,5
elasticsearch-hadoop,org.elasticsearch.hadoop.rest,RestClientTest,0,0,16,16,215,16,0,0,-1.0,0,11
elasticsearch-hadoop,org.elasticsearch.hadoop.rest,RestServiceTest,7,0,11,11,93,11,0,0,0.0,0,3
elasticsearch-hadoop,org.elasticsearch.hadoop.rest,ScrollQueryTest,0,0,6,4,66,6,0,0,-1.0,0,8
elasticsearch-hadoop,org.elasticsearch.hadoop.rest,SearchRequestBuilderTest,0,0,2,2,25,2,0,0,-1.0,0,3
elasticsearch-hadoop,org.elasticsearch.hadoop.rest,RestUtils,1,0,22,21,119,26,0,0,0.9090909090909091,23,13
elasticsearch-hadoop,org.elasticsearch.hadoop.rest,ExtendedRestClient,1,0,7,6,28,8,0,1,0.8571428571428571,2,7
elasticsearch-hadoop,org.elasticsearch.hadoop.rest.query,BoolQueryBuilder,4,0,6,6,74,14,0,1,0.0,3,2
elasticsearch-hadoop,org.elasticsearch.hadoop.rest.query,ConstantScoreQueryBuilder,3,1,5,5,45,10,0,1,0.0,1,3
elasticsearch-hadoop,org.elasticsearch.hadoop.rest.query,FilteredQueryBuilder,2,0,5,5,57,13,0,1,0.0,2,4
elasticsearch-hadoop,org.elasticsearch.hadoop.rest.query,MatchAllQueryBuilder,1,1,4,3,17,4,0,1,1.0,4,2
elasticsearch-hadoop,org.elasticsearch.hadoop.rest.query,QueryBuilder,0,0,2,2,20,2,7,0,-1.0,12,3
elasticsearch-hadoop,org.elasticsearch.hadoop.rest.query,QueryStringQueryBuilder,7,0,10,10,98,26,0,1,0.0,3,2
elasticsearch-hadoop,org.elasticsearch.hadoop.rest.query,QueryUtils,0,0,4,4,89,18,0,0,-1.0,4,9
elasticsearch-hadoop,org.elasticsearch.hadoop.rest.query,RawQueryBuilder,2,0,5,5,45,9,0,1,0.0,2,2
elasticsearch-hadoop,org.elasticsearch.hadoop.rest.query,SimpleQueryParser,0,0,3,1,60,13,0,0,-1.0,2,3
elasticsearch-hadoop,org.elasticsearch.hadoop.rest.query,TermQueryBuilder,2,0,5,5,48,12,0,1,0.0,2,2
elasticsearch-hadoop,org.elasticsearch.hadoop.rest.query,QueryUtilsTest,1,0,10,10,61,10,0,0,0.2,0,2
elasticsearch-hadoop,org.elasticsearch.hadoop.rest.query,RandomQueryBuilders,1,0,9,0,97,22,0,0,0.0,2,8
elasticsearch-hadoop,org.elasticsearch.hadoop.rest.query,RawQueryBuilderTest,1,0,1,1,18,3,0,0,0.0,0,3
elasticsearch-hadoop,org.elasticsearch.hadoop.rest.request,GetAliasesRequestBuilder,3,0,7,7,47,9,0,1,0.42857142857142855,3,5
elasticsearch-hadoop,org.elasticsearch.hadoop.rest.request,Response,1,0,3,3,12,3,0,1,0.0,0,2
elasticsearch-hadoop,org.elasticsearch.hadoop.rest.request,RequestBuilder,1,0,2,2,9,2,2,0,1.0,3,2
elasticsearch-hadoop,org.elasticsearch.hadoop.rest.request,Response,0,0,0,0,2,0,0,0,-1.0,0,0
elasticsearch-hadoop,org.elasticsearch.hadoop.rest.stats,Stats,17,17,3,3,90,5,0,0,0.6666666666666666,16,1
elasticsearch-hadoop,org.elasticsearch.hadoop.rest.stats,StatsAware,0,0,1,0,10,1,0,0,-1.0,0,0
elasticsearch-hadoop,org.elasticsearch.hadoop.security,EsHadoopSecurityException,0,0,4,4,13,4,0,0,-1.0,0,0
elasticsearch-hadoop,org.elasticsearch.hadoop.security,EsToken,6,0,12,12,76,19,0,0,0.0,14,2
elasticsearch-hadoop,org.elasticsearch.hadoop.security,JdkUser,3,0,14,11,101,21,0,1,0.21428571428571427,3,5
elasticsearch-hadoop,org.elasticsearch.hadoop.security,EsTokenHolder,1,0,3,0,15,3,0,0,0.0,1,1
elasticsearch-hadoop,org.elasticsearch.hadoop.security,JdkUserProvider,1,0,1,1,22,4,0,1,0.0,3,0
elasticsearch-hadoop,org.elasticsearch.hadoop.security,KeystoreWrapper,9,0,17,13,161,24,0,0,0.23529411764705882,5,3
elasticsearch-hadoop,org.elasticsearch.hadoop.security,KeystoreBuilder,4,0,6,3,42,10,0,0,0.3333333333333333,1,2
elasticsearch-hadoop,org.elasticsearch.hadoop.security,LoginUtil,7,0,8,8,73,11,0,0,0.0,1,0
elasticsearch-hadoop,org.elasticsearch.hadoop.security,KerberosPasswordConfiguration,1,0,2,2,14,2,0,0,0.0,0,0
elasticsearch-hadoop,org.elasticsearch.hadoop.security,KerberosPasswordCallbackHandler,2,0,2,2,19,5,0,0,0.0,0,0
elasticsearch-hadoop,org.elasticsearch.hadoop.security,KerberosKeytabConfiguration,2,0,2,2,19,2,0,0,0.0,0,0
elasticsearch-hadoop,org.elasticsearch.hadoop.security,SecureSettings,2,0,2,2,45,5,0,0,0.0,8,4
elasticsearch-hadoop,org.elasticsearch.hadoop.security,User,0,0,9,0,50,9,1,0,-1.0,10,1
elasticsearch-hadoop,org.elasticsearch.hadoop.security,UserProvider,1,0,5,4,23,6,1,0,0.4,8,3
elasticsearch-hadoop,org.elasticsearch.hadoop.security,JdkUserTest,0,0,3,3,51,3,0,0,-1.0,0,5
elasticsearch-hadoop,org.elasticsearch.hadoop.security,KeystoreWrapperTest,0,0,3,3,21,3,0,0,-1.0,0,1
elasticsearch-hadoop,org.elasticsearch.hadoop.security,UgiUtil,0,0,1,1,24,1,0,0,-1.0,5,0
elasticsearch-hadoop,org.elasticsearch.hadoop.serialization.builder,AbstractValueReader,3,0,7,6,46,9,1,1,0.2857142857142857,0,1
elasticsearch-hadoop,org.elasticsearch.hadoop.serialization.builder,FieldContext,2,0,4,4,19,4,0,0,0.5,2,0
elasticsearch-hadoop,org.elasticsearch.hadoop.serialization.builder,ContentBuilder,2,0,7,6,39,9,0,0,0.0,4,4
elasticsearch-hadoop,org.elasticsearch.hadoop.serialization.builder,FilteringValueWriter,3,0,3,1,21,4,1,1,0.0,0,3
elasticsearch-hadoop,org.elasticsearch.hadoop.serialization.builder,JdkValueReader,4,0,42,7,332,90,0,2,0.047619047619047616,2,9
elasticsearch-hadoop,org.elasticsearch.hadoop.serialization.builder,JdkValueWriter,1,0,5,3,117,31,0,2,0.0,5,3
elasticsearch-hadoop,org.elasticsearch.hadoop.serialization.builder,NoOpValueWriter,0,0,1,1,8,1,0,1,-1.0,1,1
elasticsearch-hadoop,org.elasticsearch.hadoop.serialization.builder,ValueParsingCallback,0,0,11,0,13,11,0,0,-1.0,1,0
elasticsearch-hadoop,org.elasticsearch.hadoop.serialization.builder,ValueReader,0,0,8,0,13,8,1,0,-1.0,5,1
elasticsearch-hadoop,org.elasticsearch.hadoop.serialization.builder,ValueWriter,2,0,6,4,31,6,2,0,-1.0,8,2
elasticsearch-hadoop,org.elasticsearch.hadoop.serialization.builder,Result,2,0,5,4,19,5,0,0,0.6,7,1
elasticsearch-hadoop,org.elasticsearch.hadoop.serialization.builder,JdkExtendedBooleanValueReaderReaderTest,0,0,11,11,41,11,0,1,-1.0,0,0
elasticsearch-hadoop,org.elasticsearch.hadoop.serialization.builder,JdkValueReaderTest,0,0,1,1,24,1,0,0,-1.0,0,3
elasticsearch-hadoop,org.elasticsearch.hadoop.serialization.builder,JdkValueWriterTest,0,0,2,2,29,2,0,0,-1.0,0,2
elasticsearch-hadoop,org.elasticsearch.hadoop.serialization.builder,NoOpValueWriterTest,0,0,1,1,6,1,0,0,-1.0,0,1
elasticsearch-hadoop,org.elasticsearch.hadoop.serialization.builder,AbstractExtendedBooleanValueReaderTest,3,0,9,8,67,11,1,0,0.2222222222222222,0,2
elasticsearch-hadoop,org.elasticsearch.hadoop.serialization.bulk,AbstractBulkFactory,31,0,26,8,394,81,4,1,0.07692307692307693,0,16
elasticsearch-hadoop,org.elasticsearch.hadoop.serialization.bulk,FieldWriter,3,0,5,1,65,15,0,0,0.0,0,6
elasticsearch-hadoop,org.elasticsearch.hadoop.serialization.bulk,DynamicContentRef,0,0,1,0,3,1,2,0,-1.0,0,0
elasticsearch-hadoop,org.elasticsearch.hadoop.serialization.bulk,DynamicHeaderRef,1,0,1,1,8,1,0,1,0.0,0,0
elasticsearch-hadoop,org.elasticsearch.hadoop.serialization.bulk,DynamicEndRef,1,0,1,1,8,1,0,1,0.0,0,0
elasticsearch-hadoop,org.elasticsearch.hadoop.serialization.bulk,RequestParameterNames,5,0,1,1,26,2,0,0,0.0,0,1
elasticsearch-hadoop,org.elasticsearch.hadoop.serialization.bulk,DynamicFieldExtractor,1,0,1,1,8,1,0,0,0.0,0,0
elasticsearch-hadoop,org.elasticsearch.hadoop.serialization.bulk,BulkCommand,0,0,1,0,11,1,1,0,-1.0,3,0
elasticsearch-hadoop,org.elasticsearch.hadoop.serialization.bulk,BulkCommands,0,0,1,1,28,6,0,0,-1.0,3,5
elasticsearch-hadoop,org.elasticsearch.hadoop.serialization.bulk,BulkEntryWriter,3,0,3,3,98,16,0,0,0.0,2,7
elasticsearch-hadoop,org.elasticsearch.hadoop.serialization.bulk,BulkFactory,0,0,1,0,3,1,1,0,-1.0,1,0
elasticsearch-hadoop,org.elasticsearch.hadoop.serialization.bulk,CreateBulkFactory,0,0,2,1,8,2,0,2,-1.0,0,4
elasticsearch-hadoop,org.elasticsearch.hadoop.serialization.bulk,DeleteBulkFactory,0,0,3,1,11,3,0,2,-1.0,0,5
elasticsearch-hadoop,org.elasticsearch.hadoop.serialization.bulk,DeleteTemplatedBulk,0,0,2,1,13,2,0,2,-1.0,0,0
elasticsearch-hadoop,org.elasticsearch.hadoop.serialization.bulk,IndexBulkFactory,0,0,2,1,8,2,0,2,-1.0,0,4
elasticsearch-hadoop,org.elasticsearch.hadoop.serialization.bulk,JsonScriptTemplateBulk,2,0,2,1,29,5,0,3,1.0,0,5
elasticsearch-hadoop,org.elasticsearch.hadoop.serialization.bulk,JsonTemplatedBulk,4,0,3,1,26,4,1,2,0.6666666666666666,0,7
elasticsearch-hadoop,org.elasticsearch.hadoop.serialization.bulk,MetadataExtractor,1,0,4,1,21,4,1,0,-1.0,7,0
elasticsearch-hadoop,org.elasticsearch.hadoop.serialization.bulk,PerEntityPoolingMetadataExtractor,8,0,13,10,81,20,0,1,0.15384615384615385,0,3
elasticsearch-hadoop,org.elasticsearch.hadoop.serialization.bulk,StaticFieldExtractor,2,0,4,3,17,4,1,0,0.0,0,0
elasticsearch-hadoop,org.elasticsearch.hadoop.serialization.bulk,UnsupportedMetadataFieldExtractor,2,0,2,2,14,2,0,1,0.0,0,1
elasticsearch-hadoop,org.elasticsearch.hadoop.serialization.bulk,RawJson,1,0,5,5,26,11,0,0,0.0,1,2
elasticsearch-hadoop,org.elasticsearch.hadoop.serialization.bulk,ScriptTemplateBulk,1,0,2,0,21,4,0,2,0.0,0,6
elasticsearch-hadoop,org.elasticsearch.hadoop.serialization.bulk,TemplatedBulk,5,0,5,1,46,9,3,1,0.0,0,5
elasticsearch-hadoop,org.elasticsearch.hadoop.serialization.bulk,UpdateBulkFactory,11,0,9,2,151,30,0,2,0.4444444444444444,0,6
elasticsearch-hadoop,org.elasticsearch.hadoop.serialization.bulk,BulkEntryWriterTest,0,0,14,14,137,15,0,0,-1.0,0,15
elasticsearch-hadoop,org.elasticsearch.hadoop.serialization.bulk,ExceptionThrowingHandler,0,0,1,1,8,1,0,0,-1.0,1,2
elasticsearch-hadoop,org.elasticsearch.hadoop.serialization.bulk,AbortingExceptionThrowingHandler,0,0,1,1,8,1,0,0,-1.0,1,2
elasticsearch-hadoop,org.elasticsearch.hadoop.serialization.bulk,NeverSurrenderHandler,0,0,1,1,8,1,0,0,-1.0,1,2
elasticsearch-hadoop,org.elasticsearch.hadoop.serialization.bulk,NothingToSeeHereHandler,0,0,1,1,8,1,0,0,-1.0,1,2
elasticsearch-hadoop,org.elasticsearch.hadoop.serialization.bulk,MarcoHandler,0,0,1,1,8,1,0,0,-1.0,1,2
elasticsearch-hadoop,org.elasticsearch.hadoop.serialization.bulk,PoloHandler,0,0,1,1,11,2,0,0,-1.0,1,2
elasticsearch-hadoop,org.elasticsearch.hadoop.serialization.bulk,CorrectingHandler,0,0,1,1,9,1,0,0,-1.0,1,2
elasticsearch-hadoop,org.elasticsearch.hadoop.serialization.dto,IndicesAliases,6,0,11,9,80,17,0,0,0.2727272727272727,3,1
elasticsearch-hadoop,org.elasticsearch.hadoop.serialization.dto,Alias,5,0,7,6,32,7,0,0,0.0,1,0
elasticsearch-hadoop,org.elasticsearch.hadoop.serialization.dto,NodeInfo,9,0,12,12,108,25,0,0,0.0,5,3
elasticsearch-hadoop,org.elasticsearch.hadoop.serialization.dto,ShardInfo,6,0,12,12,73,24,0,0,0.16666666666666666,4,1
elasticsearch-hadoop,org.elasticsearch.hadoop.serialization.dto,NodeInfoTest,0,0,4,3,45,5,0,0,-1.0,1,2
elasticsearch-hadoop,org.elasticsearch.hadoop.serialization.dto.mapping,Field,4,0,8,7,36,9,0,0,0.0,8,1
elasticsearch-hadoop,org.elasticsearch.hadoop.serialization.dto.mapping,FieldParser,0,0,8,3,105,26,0,0,-1.0,7,4
elasticsearch-hadoop,org.elasticsearch.hadoop.serialization.dto.mapping,GeoField,0,0,2,2,5,2,0,0,-1.0,0,0
elasticsearch-hadoop,org.elasticsearch.hadoop.serialization.dto.mapping,Mapping,3,0,12,9,108,23,0,0,0.0,13,4
elasticsearch-hadoop,org.elasticsearch.hadoop.serialization.dto.mapping,MappingSet,6,1,9,5,142,30,0,0,0.0,10,3
elasticsearch-hadoop,org.elasticsearch.hadoop.serialization.dto.mapping,MappingUtils,1,0,12,6,147,41,0,0,0.5,5,5
elasticsearch-hadoop,org.elasticsearch.hadoop.serialization.dto.mapping,MappingTest,2,0,24,21,311,25,0,0,0.08333333333333333,0,4
elasticsearch-hadoop,org.elasticsearch.hadoop.serialization.field,AbstractDefaultParamsExtractor,3,0,5,4,46,10,1,1,0.0,1,4
elasticsearch-hadoop,org.elasticsearch.hadoop.serialization.field,AbstractIndexExtractor,6,0,9,5,102,22,1,2,0.2222222222222222,1,6
elasticsearch-hadoop,org.elasticsearch.hadoop.serialization.field,ChainedFieldExtractor,3,0,4,3,33,8,0,1,0.0,1,1
elasticsearch-hadoop,org.elasticsearch.hadoop.serialization.field,ConstantFieldExtractor,4,1,8,3,38,10,1,1,0.0,6,3
elasticsearch-hadoop,org.elasticsearch.hadoop.serialization.field,DateIndexFormatter,2,0,3,2,30,6,0,1,0.0,0,3
elasticsearch-hadoop,org.elasticsearch.hadoop.serialization.field,DefaultIndexExtractor,0,0,1,0,6,1,0,3,-1.0,0,2
elasticsearch-hadoop,org.elasticsearch.hadoop.serialization.field,DefaultParamsExtractor,0,0,1,0,6,1,0,2,-1.0,0,2
elasticsearch-hadoop,org.elasticsearch.hadoop.serialization.field,ExtractorUtils,0,0,1,0,22,7,0,0,-1.0,2,1
elasticsearch-hadoop,org.elasticsearch.hadoop.serialization.field,FieldExplainer,0,0,1,0,3,1,2,0,-1.0,0,0
elasticsearch-hadoop,org.elasticsearch.hadoop.serialization.field,FieldExtractor,2,0,1,0,13,1,7,0,-1.0,11,0
elasticsearch-hadoop,org.elasticsearch.hadoop.serialization.field,FieldFilter,6,6,10,10,122,28,0,0,0.2,7,4
elasticsearch-hadoop,org.elasticsearch.hadoop.serialization.field,Result,2,2,2,2,11,2,0,0,0.0,1,0
elasticsearch-hadoop,org.elasticsearch.hadoop.serialization.field,NumberedInclude,2,2,5,5,26,8,0,0,0.0,2,1
elasticsearch-hadoop,org.elasticsearch.hadoop.serialization.field,IndexExtractor,0,0,2,0,11,2,1,1,-1.0,4,0
elasticsearch-hadoop,org.elasticsearch.hadoop.serialization.field,IndexFormatter,0,0,2,0,4,2,1,0,-1.0,2,0
elasticsearch-hadoop,org.elasticsearch.hadoop.serialization.field,JsonFieldExtractors,16,0,22,16,138,30,0,0,0.13636363636363635,4,10
elasticsearch-hadoop,org.elasticsearch.hadoop.serialization.field,PrecomputedFieldExtractor,3,0,3,3,20,4,0,1,0.0,0,3
elasticsearch-hadoop,org.elasticsearch.hadoop.serialization.field,FixedFieldExtractor,1,0,3,3,12,3,0,1,0.6666666666666666,0,0
elasticsearch-hadoop,org.elasticsearch.hadoop.serialization.field,MapWritableFieldExtractor,1,0,3,1,32,8,0,2,0.6666666666666666,3,1
elasticsearch-hadoop,org.elasticsearch.hadoop.serialization.field,NoOpFieldExtractor,0,0,1,1,5,1,0,1,-1.0,0,0
elasticsearch-hadoop,org.elasticsearch.hadoop.serialization.field,DateIndexFormatterTest,1,0,3,3,15,3,0,0,0.0,0,1
elasticsearch-hadoop,org.elasticsearch.hadoop.serialization.field,DefaultIndexExtractorTest,1,0,3,3,42,3,0,0,0.0,0,6
elasticsearch-hadoop,org.elasticsearch.hadoop.serialization.field,FieldFilterTest,0,0,25,25,83,25,0,0,-1.0,1,2
elasticsearch-hadoop,org.elasticsearch.hadoop.serialization.field,JsonFieldExtractorsTest,0,0,3,3,37,3,0,0,-1.0,0,4
elasticsearch-hadoop,org.elasticsearch.hadoop.serialization.handler.read,DeserializationErrorHandler,0,0,3,3,7,3,0,1,-1.0,0,2
elasticsearch-hadoop,org.elasticsearch.hadoop.serialization.handler.read,DeserializationFailure,1,0,2,2,13,2,0,0,0.0,14,1
elasticsearch-hadoop,org.elasticsearch.hadoop.serialization.handler.read,IDeserializationErrorHandler,0,0,0,0,2,0,1,0,-1.0,0,0
elasticsearch-hadoop,org.elasticsearch.hadoop.serialization.handler.read.impl,AbortOnlyHandlerLoader,0,0,1,1,10,1,0,1,-1.0,0,0
elasticsearch-hadoop,org.elasticsearch.hadoop.serialization.handler.read.impl,DelegatingErrorHandler,1,0,4,3,15,4,0,0,0.0,0,3
elasticsearch-hadoop,org.elasticsearch.hadoop.serialization.handler.read.impl,DeserializationEventConverter,0,0,2,2,8,2,0,0,-1.0,1,2
elasticsearch-hadoop,org.elasticsearch.hadoop.serialization.handler.read.impl,DeserializationHandlerLoader,2,2,4,1,30,7,1,0,1.0,2,5
elasticsearch-hadoop,org.elasticsearch.hadoop.serialization.handler.read.impl,DeserializationLogRenderer,0,0,1,1,5,1,0,0,-1.0,0,1
elasticsearch-hadoop,org.elasticsearch.hadoop.serialization.handler.read.impl,DeserializationEventConverterTest,0,0,1,1,18,1,0,0,-1.0,0,5
elasticsearch-hadoop,org.elasticsearch.hadoop.serialization.handler,SerdeErrorCollector,3,0,6,6,47,9,0,0,0.3333333333333333,2,0
elasticsearch-hadoop,org.elasticsearch.hadoop.serialization.handler.write,ISerializationErrorHandler,0,0,0,0,2,0,1,0,-1.0,0,0
elasticsearch-hadoop,org.elasticsearch.hadoop.serialization.handler.write,SerializationErrorHandler,0,0,3,3,7,3,0,1,-1.0,0,2
elasticsearch-hadoop,org.elasticsearch.hadoop.serialization.handler.write,SerializationFailure,1,0,2,2,13,2,0,0,0.0,15,0
elasticsearch-hadoop,org.elasticsearch.hadoop.serialization.json,BackportedJacksonMappingIterator,5,0,7,5,76,13,0,0,0.42857142857142855,0,0
elasticsearch-hadoop,org.elasticsearch.hadoop.serialization.json,BackportedJsonStringEncoder,6,0,4,3,116,14,0,0,0.5,2,1
elasticsearch-hadoop,org.elasticsearch.hadoop.serialization.json,BackportedObjectReader,9,0,5,2,79,9,0,1,0.4,1,2
elasticsearch-hadoop,org.elasticsearch.hadoop.serialization.json,BlockAwareJsonParser,2,0,24,23,112,34,0,0,0.0,2,1
elasticsearch-hadoop,org.elasticsearch.hadoop.serialization.json,JacksonJsonGenerator,7,0,25,25,232,30,0,0,0.12,8,2
elasticsearch-hadoop,org.elasticsearch.hadoop.serialization.json,JacksonJsonParser,3,0,25,23,226,48,0,0,0.16,2,1
elasticsearch-hadoop,org.elasticsearch.hadoop.serialization.json,JsonFactory,2,0,3,3,17,3,0,0,0.6666666666666666,5,1
elasticsearch-hadoop,org.elasticsearch.hadoop.serialization.json,JacksonObjectReader,1,0,2,2,11,2,0,0,0.0,0,0
elasticsearch-hadoop,org.elasticsearch.hadoop.serialization.json,ObjectReader,0,0,1,0,3,1,1,0,-1.0,2,0
elasticsearch-hadoop,org.elasticsearch.hadoop.serialization.json,BlockAwareJsonParserTest,0,0,8,8,143,9,0,0,-1.0,0,2
elasticsearch-hadoop,org.elasticsearch.hadoop.serialization.json,JacksonJsonGeneratorTest,0,0,1,1,28,1,0,0,-1.0,0,1
elasticsearch-hadoop,org.elasticsearch.hadoop.util,ArrayUtils,0,0,3,1,74,25,0,0,-1.0,4,2
elasticsearch-hadoop,org.elasticsearch.hadoop.util,Assert,0,0,10,10,45,15,0,0,-1.0,56,2
elasticsearch-hadoop,org.elasticsearch.hadoop.util,BytesArray,4,1,27,26,149,40,0,1,0.1111111111111111,51,4
elasticsearch-hadoop,org.elasticsearch.hadoop.util,BytesArrayPool,2,0,6,6,45,10,0,1,0.3333333333333333,4,1
elasticsearch-hadoop,org.elasticsearch.hadoop.util,ByteSequence,0,0,2,0,4,2,3,0,-1.0,10,0
elasticsearch-hadoop,org.elasticsearch.hadoop.util,BytesRef,2,0,7,7,53,14,0,0,0.2857142857142857,9,2
elasticsearch-hadoop,org.elasticsearch.hadoop.util,ClusterInfo,3,0,8,8,39,11,0,0,0.375,20,3
elasticsearch-hadoop,org.elasticsearch.hadoop.util,ClusterName,4,1,6,6,34,9,0,0,0.0,9,1
elasticsearch-hadoop,org.elasticsearch.hadoop.util,Constants,4,4,0,0,56,0,0,0,-1.0,2,0
elasticsearch-hadoop,org.elasticsearch.hadoop.util,DateUtils,7,1,5,4,98,14,0,0,1.0,9,4
elasticsearch-hadoop,org.elasticsearch.hadoop.util,Jdk6,0,0,1,1,21,6,0,0,-1.0,1,0
elasticsearch-hadoop,org.elasticsearch.hadoop.util,JodaTime,4,0,1,1,31,1,0,0,0.0,1,1
elasticsearch-hadoop,org.elasticsearch.hadoop.util,EsMajorVersion,11,9,12,11,96,23,0,0,0.0,59,1
elasticsearch-hadoop,org.elasticsearch.hadoop.util,FastByteArrayInputStream,5,0,13,13,134,20,0,0,0.23076923076923078,2,1
elasticsearch-hadoop,org.elasticsearch.hadoop.util,FastByteArrayOutputStream,1,0,12,12,77,12,0,0,0.25,16,2
elasticsearch-hadoop,org.elasticsearch.hadoop.util,FieldAlias,2,0,4,4,25,5,0,0,0.0,3,0
elasticsearch-hadoop,org.elasticsearch.hadoop.util,IOUtils,2,0,14,12,195,34,0,0,0.5,25,5
elasticsearch-hadoop,org.elasticsearch.hadoop.util,ObjectUtils,0,0,8,8,73,14,0,0,-1.0,20,3
elasticsearch-hadoop,org.elasticsearch.hadoop.util,OsUtil,4,2,2,0,31,2,0,0,1.0,1,0
elasticsearch-hadoop,org.elasticsearch.hadoop.util,ReflectionUtils,0,0,7,7,61,14,0,0,-1.0,14,2
elasticsearch-hadoop,org.elasticsearch.hadoop.util,SettingsUtils,0,0,21,18,159,39,0,0,-1.0,14,10
elasticsearch-hadoop,org.elasticsearch.hadoop.util,StringUtils,16,13,29,27,354,94,0,0,0.41379310344827586,86,3
elasticsearch-hadoop,org.elasticsearch.hadoop.util,IpAndPort,2,2,3,1,15,3,0,0,0.0,0,0
elasticsearch-hadoop,org.elasticsearch.hadoop.util,JacksonStringEncoder,0,0,1,1,5,1,0,0,-1.0,1,0
elasticsearch-hadoop,org.elasticsearch.hadoop.util,TrackingBytesArray,7,0,17,15,104,26,0,1,0.0,5,5
elasticsearch-hadoop,org.elasticsearch.hadoop.util,Entry,3,0,3,2,26,8,0,0,0.0,4,1
elasticsearch-hadoop,org.elasticsearch.hadoop.util,UnicodeUtil,7,5,2,0,54,9,0,0,1.0,1,1
elasticsearch-hadoop,org.elasticsearch.hadoop.util,Version,5,1,5,5,88,8,0,0,0.4,4,1
elasticsearch-hadoop,org.elasticsearch.hadoop.util,WritableUtils,0,0,2,2,149,42,0,0,-1.0,11,3
elasticsearch-hadoop,org.elasticsearch.hadoop.util,ArrayUtilsTest,0,0,15,15,48,15,0,0,-1.0,0,1
elasticsearch-hadoop,org.elasticsearch.hadoop.util,BytesArrayPoolTest,0,0,1,1,19,1,0,0,-1.0,0,2
elasticsearch-hadoop,org.elasticsearch.hadoop.util,BytesArrayTest,0,0,1,1,21,1,0,0,-1.0,0,1
elasticsearch-hadoop,org.elasticsearch.hadoop.util,ClusterInfoTest,0,0,1,1,14,1,0,0,-1.0,0,2
elasticsearch-hadoop,org.elasticsearch.hadoop.util,DateUtilsTest,0,0,1,1,24,1,0,0,-1.0,0,1
elasticsearch-hadoop,org.elasticsearch.hadoop.util,EsMajorVersionTest,1,0,2,2,95,6,0,0,0.0,0,1
elasticsearch-hadoop,org.elasticsearch.hadoop.util,FastByteArrayInputStreamTest,2,0,8,8,76,8,0,0,0.0,0,2
elasticsearch-hadoop,org.elasticsearch.hadoop.util,IOUtilsTest,1,0,11,10,85,11,0,0,0.8181818181818182,0,2
elasticsearch-hadoop,org.elasticsearch.hadoop.util,SpringBootURLStreamHandler,1,0,5,4,27,5,0,0,0.6,0,0
elasticsearch-hadoop,org.elasticsearch.hadoop.util,LevenshteinTests,2,0,4,3,43,5,0,0,0.5,0,0
elasticsearch-hadoop,org.elasticsearch.hadoop.util,SettingsUtilsTest,0,0,6,6,59,6,0,0,-1.0,0,2
elasticsearch-hadoop,org.elasticsearch.hadoop.util,StringUtilsTest,0,0,6,6,37,6,0,0,-1.0,0,1
elasticsearch-hadoop,org.elasticsearch.hadoop.util,TrackingBytesArrayTest,1,0,8,8,67,8,0,0,0.0,0,3
elasticsearch-hadoop,org.elasticsearch.hadoop.util,WritableUtilsTest,0,0,12,11,40,12,0,0,-1.0,0,1
elasticsearch-hadoop,org.elasticsearch.hadoop.util,BytesUtils,0,0,4,3,78,14,0,0,-1.0,2,2
elasticsearch-hadoop,org.elasticsearch.hadoop.util,TestSettings,1,1,3,3,42,3,0,0,0.6666666666666666,10,1
elasticsearch-hadoop,org.elasticsearch.hadoop.util,TestUtils,1,1,9,9,100,18,0,0,0.7777777777777778,23,5
elasticsearch-hadoop,org.elasticsearch.hadoop.util,BytesUtilsTest,0,0,5,5,55,5,0,0,-1.0,0,4
elasticsearch-hadoop,org.elasticsearch.hadoop.util.ecs,ElasticCommonSchema,8,1,12,11,64,14,0,0,0.3333333333333333,7,2
elasticsearch-hadoop,org.elasticsearch.hadoop.util.ecs,TemplateBuilder,6,0,8,7,48,10,0,0,0.0,1,2
elasticsearch-hadoop,org.elasticsearch.hadoop.util.ecs,FieldNames,23,23,1,0,27,1,0,0,0.0,1,0
elasticsearch-hadoop,org.elasticsearch.hadoop.util.ecs,HostData,10,0,17,13,128,27,0,0,0.23529411764705882,4,1
elasticsearch-hadoop,org.elasticsearch.hadoop.util.ecs,GetPropAction,1,0,2,1,9,2,0,0,0.0,0,0
elasticsearch-hadoop,org.elasticsearch.hadoop.util.ecs,MessageTemplate,6,0,3,2,97,11,0,0,0.0,4,7
elasticsearch-hadoop,org.elasticsearch.hadoop.util.ecs,ElasticCommonSchemaTest,0,0,1,1,9,1,0,0,-1.0,0,3
elasticsearch-hadoop,org.elasticsearch.hadoop.util.encoding,HttpEncodingTools,0,0,7,6,86,10,0,0,-1.0,7,2
elasticsearch-hadoop,org.elasticsearch.hadoop.util.encoding,HttpEncodingToolsTest,0,0,8,8,32,8,0,0,-1.0,0,1
elasticsearch-hadoop,org.elasticsearch.hadoop.util.regex,Regex,0,0,5,5,76,20,0,0,-1.0,3,1
elasticsearch-hadoop,org.elasticsearch.hadoop.util.unit,Booleans,0,0,2,2,12,3,0,0,-1.0,9,1
elasticsearch-hadoop,org.elasticsearch.hadoop.util.unit,ByteSizeValue,2,0,21,21,125,36,0,0,0.14285714285714285,2,3
elasticsearch-hadoop,org.elasticsearch.hadoop.util.unit,Strings,0,0,1,0,24,4,0,0,-1.0,2,0
elasticsearch-hadoop,org.elasticsearch.hadoop.util.unit,TimeValue,9,0,37,37,194,56,0,0,0.21621621621621623,12,3
elasticsearch-hadoop,org.elasticsearch.hadoop.util.unit,BooleansTest,2,0,3,3,25,3,0,0,0.6666666666666666,0,1
elasticsearch-hadoop,org.elasticsearch.hadoop.util.unit,ByteSizeUnitTests,0,0,4,4,28,4,0,0,-1.0,0,0
elasticsearch-hadoop,org.elasticsearch.hadoop.util.unit,ByteSizeValueTests,0,0,3,3,18,3,0,0,-1.0,0,0
elasticsearch-hadoop,org.elasticsearch.hadoop.util.unit,TimeValueTests,0,0,3,3,21,3,0,0,-1.0,0,0
elasticsearch-hadoop,org.elasticsearch.hadoop.rest.bulk.bwc,BulkOutputGeneratorBase,17,0,13,6,85,16,3,0,0.0,0,5
elasticsearch-hadoop,org.elasticsearch.hadoop.rest.bulk.bwc,BulkOutputGeneratorV1,0,0,5,0,17,5,0,1,-1.0,0,0
elasticsearch-hadoop,org.elasticsearch.hadoop.rest.bulk.bwc,BulkOutputGeneratorV2,0,0,5,0,17,5,0,1,-1.0,0,0
elasticsearch-hadoop,org.elasticsearch.hadoop.rest.bulk.bwc,BulkOutputGeneratorV5,0,0,5,0,20,5,0,1,-1.0,0,0
elasticsearch-hadoop,org.elasticsearch.hadoop.qa.kerberos,AbstractClusterVerificationTests,4,0,3,3,40,7,0,0,0.6666666666666666,0,0
elasticsearch-hadoop,org.elasticsearch.hadoop.qa.kerberos,AbstractKerberosClientTest,1,0,14,14,252,15,0,0,0.6428571428571429,0,17
elasticsearch-hadoop,org.elasticsearch.hadoop.qa.kerberos,KerberosQaSuite,2,2,0,0,4,0,0,0,-1.0,0,0
elasticsearch-hadoop,org.elasticsearch.hadoop.qa.kerberos,LocalKdc,3,0,2,0,30,5,0,0,0.0,0,0
elasticsearch-hadoop,org.elasticsearch.hadoop.qa.kerberos,ExtendedClient,0,0,5,5,17,5,0,0,-1.0,1,4
elasticsearch-hadoop,org.elasticsearch.hadoop.qa.kerberos.dfs,SecureFsShell,0,0,2,2,14,2,0,0,-1.0,0,1
elasticsearch-hadoop,org.elasticsearch.hadoop.qa.kerberos.hive,SecureBeeline,0,0,2,2,22,2,0,0,-1.0,0,1
elasticsearch-hadoop,org.elasticsearch.hadoop.qa.kerberos.mr,ConfTest,0,0,2,2,18,4,0,0,-1.0,0,0
elasticsearch-hadoop,org.elasticsearch.hadoop.qa.kerberos.mr,LoadToES,2,1,5,3,51,10,0,0,0.6,0,5
elasticsearch-hadoop,org.elasticsearch.hadoop.qa.kerberos.mr,MapperImpl,1,0,2,0,21,5,0,0,0.0,2,1
elasticsearch-hadoop,org.elasticsearch.hadoop.qa.kerberos.mr,ReadFromES,1,0,4,3,33,5,0,0,1.0,0,4
elasticsearch-hadoop,org.elasticsearch.hadoop.qa.kerberos.mr,MapperImpl,1,0,1,0,6,1,0,0,0.0,0,0
elasticsearch-hadoop,org.elasticsearch.hadoop.qa.kerberos.security,KeytabLogin,3,0,2,1,24,5,0,0,1.0,4,0
elasticsearch-hadoop,org.elasticsearch.hadoop.qa.kerberos.setup,SetupKerberosUsers,3,0,3,2,45,7,0,0,0.0,1,5
elasticsearch-hadoop,org.elasticsearch.spark.integration,AbstractHadoopBasicSparkTest,4,1,11,10,76,12,0,0,0.6363636363636364,0,7
elasticsearch-hadoop,org.elasticsearch.spark.integration,MyRegistrator,0,0,1,1,6,1,0,0,-1.0,0,0
elasticsearch-hadoop,org.elasticsearch.spark.integration,AbstractJavaEsSparkTest,3,0,16,16,179,18,0,0,0.1875,0,4
elasticsearch-hadoop,org.elasticsearch.spark.integration,ScalaUtils,0,0,1,1,9,2,0,0,-1.0,0,0
elasticsearch-hadoop,org.elasticsearch.spark.integration,SparkSuite,1,1,0,0,3,0,0,0,-1.0,0,0
elasticsearch-hadoop,org.elasticsearch.spark.integration,SparkUtils,1,1,1,1,10,1,0,0,0.0,4,2
elasticsearch-hadoop,org.elasticsearch.spark.integration,SparkScalaSuite,1,1,0,0,17,0,0,0,-1.0,0,0
elasticsearch-hadoop,org.elasticsearch.spark.integration,AbstractJavaEsSparkSQLTest,5,1,11,10,90,12,0,0,0.2727272727272727,0,4
elasticsearch-hadoop,org.elasticsearch.spark.integration,AbstractJavaEsSparkStreamingTest,9,0,32,30,457,43,0,0,0.40625,2,10
elasticsearch-hadoop,org.elasticsearch.spark.integration,ExtractIDFunction,0,0,1,1,6,1,0,0,-1.0,0,0
elasticsearch-hadoop,org.elasticsearch.spark.integration,ExtractMetaMap,0,0,1,1,10,1,0,0,-1.0,0,0
elasticsearch-hadoop,org.elasticsearch.spark.integration,ExpectingToThrow,3,0,12,12,53,16,0,0,0.8333333333333334,2,1
elasticsearch-hadoop,org.elasticsearch.spark.integration,SparkSQLSuite,1,1,0,0,3,0,0,0,-1.0,0,0
elasticsearch-hadoop,org.elasticsearch.spark.integration,SparkStreamingSuite,1,1,0,0,3,0,0,0,-1.0,0,0
elasticsearch-hadoop,org.elasticsearch.spark.integration,SparkUtils,1,1,1,1,10,1,0,0,0.0,0,2
elasticsearch-hadoop,org.elasticsearch.spark.integration,AbstractJavaEsSparkStructuredStreamingTest,12,0,29,25,281,35,0,0,0.2413793103448276,0,12
elasticsearch-hadoop,org.elasticsearch.spark.integration,RecordBean,2,0,4,4,19,4,0,0,0.5,2,0
elasticsearch-hadoop,org.elasticsearch.spark.integration,ContactBean,3,0,6,6,23,6,0,0,0.5,2,1
elasticsearch-hadoop,org.elasticsearch.spark.integration,AddressBean,2,0,4,4,16,4,0,0,0.5,4,0
elasticsearch-hadoop,org.elasticsearch.spark.integration,SparkSQLScalaSuite,1,1,0,0,3,0,0,0,-1.0,0,0
elasticsearch-hadoop,org.elasticsearch.spark.integration,SparkStreamingScalaSuite,1,1,0,0,3,0,0,0,-1.0,0,0
elasticsearch-hadoop,org.elasticsearch.spark.integration,SparkStructuredStreamingScalaSuite,1,1,0,0,3,0,0,0,-1.0,0,0
elasticsearch-hadoop,org.elasticsearch.spark.integration,SparkStructuredStreamingSuite,1,1,0,0,3,0,0,0,-1.0,0,0
elasticsearch-hadoop,org.elasticsearch.spark.integration,AbstractJavaEsSparkSQLTest,5,1,11,10,90,12,0,0,0.2727272727272727,0,4
elasticsearch-hadoop,org.elasticsearch.spark.integration,AbstractJavaEsSparkStreamingTest,9,0,32,30,457,43,0,0,0.4375,0,10
elasticsearch-hadoop,org.elasticsearch.spark.integration,ExtractIDFunction,0,0,1,1,6,1,0,0,-1.0,0,0
elasticsearch-hadoop,org.elasticsearch.spark.integration,ExtractMetaMap,0,0,1,1,10,1,0,0,-1.0,0,0
elasticsearch-hadoop,org.elasticsearch.spark.integration,ExpectingToThrow,3,0,12,12,53,16,0,0,0.8333333333333334,0,1
elasticsearch-hadoop,org.elasticsearch.spark.integration,ScalaUtils,0,0,1,1,9,2,0,0,-1.0,0,0
elasticsearch-hadoop,org.elasticsearch.spark.integration,SparkSQLSuite,1,1,0,0,3,0,0,0,-1.0,0,0
elasticsearch-hadoop,org.elasticsearch.spark.integration,SparkStreamingSuite,1,1,0,0,3,0,0,0,-1.0,0,0
elasticsearch-hadoop,org.elasticsearch.spark.integration,SparkUtils,1,1,1,1,10,1,0,0,0.0,0,2
elasticsearch-hadoop,org.elasticsearch.spark.integration,AbstractJavaEsSparkStructuredStreamingTest,12,0,29,25,281,35,0,0,0.2413793103448276,0,12
elasticsearch-hadoop,org.elasticsearch.spark.integration,RecordBean,2,0,4,4,19,4,0,0,0.5,0,0
elasticsearch-hadoop,org.elasticsearch.spark.integration,ContactBean,3,0,6,6,23,6,0,0,0.5,0,1
elasticsearch-hadoop,org.elasticsearch.spark.integration,AddressBean,2,0,4,4,16,4,0,0,0.5,0,0
elasticsearch-hadoop,org.elasticsearch.spark.integration,SparkSQLScalaSuite,1,1,0,0,3,0,0,0,-1.0,0,0
elasticsearch-hadoop,org.elasticsearch.spark.integration,SparkStreamingScalaSuite,1,1,0,0,3,0,0,0,-1.0,0,0
elasticsearch-hadoop,org.elasticsearch.spark.integration,SparkStructuredStreamingScalaSuite,1,1,0,0,3,0,0,0,-1.0,0,0
elasticsearch-hadoop,org.elasticsearch.spark.integration,SparkStructuredStreamingSuite,1,1,0,0,3,0,0,0,-1.0,0,0
elasticsearch-hadoop,org.elasticsearch.spark.serialization,Bean,3,0,7,7,27,7,0,0,0.2857142857142857,0,0
elasticsearch-hadoop,org.elasticsearch.spark.serialization,Bean,3,0,7,7,27,7,0,0,0.2857142857142857,0,0
elasticsearch-hadoop,org.elasticsearch.spark.serialization,Bean,3,0,7,7,27,7,0,0,0.2857142857142857,0,0
elasticsearch-hadoop,org.elasticsearch.spark.serialization,Bean,3,0,7,7,27,7,0,0,0.2857142857142857,0,0
elasticsearch-hadoop,org.elasticsearch.spark.cfg,SparkSettings,1,0,6,6,52,11,0,0,0.3333333333333333,0,3
elasticsearch-hadoop,org.elasticsearch.spark.cfg,SparkSettingsManager,0,0,1,1,5,1,0,0,-1.0,0,0
elasticsearch-hadoop,org.elasticsearch.spark.rdd,CompatUtils,1,0,6,1,82,15,0,0,0.8333333333333334,1,3
elasticsearch-hadoop,org.elasticsearch.spark.serialization.testbeans,Contact,2,0,6,6,25,6,0,0,0.3333333333333333,0,0
elasticsearch-hadoop,org.elasticsearch.spark.serialization.testbeans,ContactBook,2,0,6,6,25,6,0,0,0.3333333333333333,0,0
elasticsearch-hadoop,org.elasticsearch.spark.sql,UtilsTest,0,0,1,1,11,1,0,0,-1.0,0,1
elasticsearch-hadoop,org.elasticsearch.spark.sql,Utils,8,0,5,0,35,7,0,0,0.8,4,4
elasticsearch-hadoop,org.elasticsearch.spark.sql,UtilsTest,0,0,1,1,11,1,0,0,-1.0,0,1
elasticsearch-hadoop,org.elasticsearch.spark.sql,Utils,8,0,5,0,35,7,0,0,1.0,0,4
elasticsearch-hadoop,org.elasticsearch.spark.sql.streaming.api.java,JavaStreamingQueryTestHarness,1,0,15,15,67,15,0,0,0.3333333333333333,2,0
elasticsearch-hadoop,org.elasticsearch.spark.sql.streaming.api.java,JavaStreamingQueryTestHarness,1,0,15,15,77,15,0,0,0.3333333333333333,0,0
elasticsearch-hadoop,org.elasticsearch.spark.sql.streaming,NetcatTestServer,11,0,10,6,148,25,0,0,0.2,0,1
elasticsearch-hadoop,org.elasticsearch.spark.sql.streaming,ConnectionHandler,3,0,5,1,71,12,0,0,0.0,0,0
elasticsearch-hadoop,org.elasticsearch.spark.sql.streaming,NetcatTestServer,11,0,10,6,148,25,0,0,0.2,0,1
elasticsearch-hadoop,org.elasticsearch.spark.sql.streaming,ConnectionHandler,3,0,5,1,71,12,0,0,0.6,0,0
elasticsearch-hadoop,org.elasticsearch.hadoop.test.fixture.minikdc,MiniKdcFixture,9,0,2,2,121,15,0,0,1.0,0,0
elasticsearch-hadoop,org.elasticsearch.hadoop.fixtures,EsEmbeddedCluster,3,1,2,2,31,4,0,0,0.0,1,1
elasticsearch-hadoop,org.elasticsearch.hadoop.fixtures,KDCFixture,3,0,6,4,43,6,0,0,0.0,1,1
elasticsearch-hadoop,org.elasticsearch.hadoop.fixtures,LocalEs,1,0,4,0,56,11,0,0,0.0,0,10
elasticsearch-hadoop,org.elasticsearch.hadoop.fs,HdfsUtils,0,0,4,4,39,5,0,0,-1.0,5,2
elasticsearch-hadoop,org.elasticsearch.hadoop.fs,NTFSLocalFileSystem,3,3,6,6,31,7,0,0,1.0,1,0
elasticsearch-hadoop,org.elasticsearch.hadoop.rest.ssl,BasicSSLServer,7,2,8,8,58,11,0,0,0.625,1,1
elasticsearch-hadoop,org.elasticsearch.hadoop.rest.ssl,BasicSSLServerInitializer,1,0,2,2,12,2,0,0,0.0,0,0
elasticsearch-hadoop,org.elasticsearch.hadoop.rest.ssl,EchoServerHandler,0,0,3,3,18,4,0,0,-1.0,0,1
elasticsearch-hadoop,org.junit.rules,ChainedExternalResource,2,0,3,1,28,5,0,0,0.0,0,0
elasticsearch-hadoop,org.junit.rules,LazyTempFolder,1,0,4,2,49,9,0,0,0.5,6,0
